{
  "run_id": "lightgbm_target_high_count_next_7d_20251124_214643",
  "timestamp": "20251124_214643",
  "model_name": "lightgbm",
  "target_type": "target_high_count_next_7d",
  "config": {
    "high_intensity_threshold": 7,
    "n_lags": 3,
    "window_days": [
      3,
      7,
      14
    ],
    "k_days_list": [
      1,
      3,
      7
    ],
    "feature_set": "time_window_only",
    "subsample": 1.0,
    "num_leaves": 63,
    "n_estimators": 300,
    "min_child_samples": 20,
    "max_depth": 3,
    "learning_rate": 0.05,
    "colsample_bytree": 0.6,
    "model_name": "lightgbm",
    "target_col": "target_high_count_next_7d",
    "task_type": "regression",
    "n_train_samples": 1236,
    "n_test_samples": 209,
    "n_features": 45,
    "search_type": "random",
    "search_time_seconds": 79.71509099006653,
    "best_cv_score": -3.953031268734904,
    "n_iter": 50
  },
  "metrics": {
    "train_mae": 0.5865361227951147,
    "train_rmse": 1.0542330074302853,
    "train_mse": 1.111407233955504,
    "train_r2": 0.970053468605141,
    "train_mean_error": -7.958567282362148e-11,
    "train_median_abs_error": 0.28407579991827847,
    "train_max_error": 12.165692464994894,
    "train_mape": 202569702867.06406,
    "test_mae": 6.522695958763563,
    "test_rmse": 10.257781718109236,
    "test_mse": 105.22208577637606,
    "test_r2": -0.12560733267452573,
    "test_mean_error": -5.035653406763593,
    "test_median_abs_error": 2.123335823560871,
    "test_max_error": 33.042480152400636,
    "test_mape": 507055343350.0721,
    "test_baseline_mae": 7.236602096591878,
    "test_baseline_rmse": 10.525511766424993,
    "test_mae_improvement": 9.865211991751394,
    "test_rmse_improvement": 2.5436297470093647,
    "train_time_seconds": 0.28581809997558594
  },
  "additional_info": {}
}