{
  "run_id": "lightgbm_target_high_count_next_7d_20251124_214010",
  "timestamp": "20251124_214010",
  "model_name": "lightgbm",
  "target_type": "target_high_count_next_7d",
  "config": {
    "high_intensity_threshold": 7,
    "n_lags": 3,
    "window_days": [
      3,
      7,
      14
    ],
    "k_days_list": [
      1,
      3,
      7
    ],
    "feature_set": "sequence_only",
    "subsample": 0.8,
    "num_leaves": 127,
    "n_estimators": 300,
    "min_child_samples": 20,
    "max_depth": 10,
    "learning_rate": 0.2,
    "colsample_bytree": 0.6,
    "model_name": "lightgbm",
    "target_col": "target_high_count_next_7d",
    "task_type": "regression",
    "n_train_samples": 1236,
    "n_test_samples": 209,
    "n_features": 22,
    "search_type": "random",
    "search_time_seconds": 71.82862377166748,
    "best_cv_score": -4.204403725294578,
    "n_iter": 50
  },
  "metrics": {
    "train_mae": 0.05731099194686342,
    "train_rmse": 0.089141310457256,
    "train_mse": 0.007946173230036897,
    "train_r2": 0.9997858927683462,
    "train_mean_error": -3.744602434674302e-12,
    "train_median_abs_error": 0.03810340449459182,
    "train_max_error": 0.6890760867774187,
    "train_mape": 23978496856.465645,
    "test_mae": 6.428999622337063,
    "test_rmse": 9.676215631870091,
    "test_mse": 93.62914895444712,
    "test_r2": -0.0015925443559554608,
    "test_mean_error": -4.284530759350557,
    "test_median_abs_error": 3.5120384491277488,
    "test_max_error": 31.47481571700846,
    "test_mape": 704985761476.4197,
    "test_baseline_mae": 7.236602096591878,
    "test_baseline_rmse": 10.525511766424993,
    "test_mae_improvement": 11.1599679445573,
    "test_rmse_improvement": 8.068929600782406,
    "train_time_seconds": 0.8278999328613281
  },
  "additional_info": {}
}