{
  "run_id": "lightgbm_target_next_high_intensity_20251124_012636",
  "timestamp": "20251124_012636",
  "model_name": "lightgbm",
  "target_type": "target_next_high_intensity",
  "config": {
    "high_intensity_threshold": 7,
    "n_lags": 3,
    "window_days": [
      7
    ],
    "k_days_list": [
      1,
      3,
      7
    ],
    "feature_set": "sequence_only",
    "subsample": 1.0,
    "num_leaves": 127,
    "n_estimators": 50,
    "min_child_samples": 5,
    "max_depth": 3,
    "learning_rate": 0.2,
    "colsample_bytree": 0.8,
    "model_name": "lightgbm",
    "target_col": "target_next_high_intensity",
    "task_type": "classification",
    "n_train_samples": 1236,
    "n_test_samples": 209,
    "n_features": 22,
    "search_type": "random",
    "search_time_seconds": 71.90085291862488,
    "best_cv_score": 0.2892151502162069,
    "n_iter": 50
  },
  "metrics": {
    "train_accuracy": 0.9433656957928802,
    "train_precision": 0.9448275862068966,
    "train_recall": 0.6884422110552764,
    "train_f1": 0.7965116279069767,
    "train_true_positives": 137,
    "train_true_negatives": 1029,
    "train_false_positives": 8,
    "train_false_negatives": 62,
    "train_specificity": 0.9922854387656702,
    "train_baseline_accuracy": 0.8389967637540453,
    "train_accuracy_improvement": 12.439729990356794,
    "test_accuracy": 0.6698564593301436,
    "test_precision": 0.8444444444444444,
    "test_recall": 0.38,
    "test_f1": 0.5241379310344828,
    "test_true_positives": 38,
    "test_true_negatives": 102,
    "test_false_positives": 7,
    "test_false_negatives": 62,
    "test_specificity": 0.9357798165137615,
    "test_roc_auc": 0.7554128440366973,
    "test_pr_auc": 0.7210329747744509,
    "test_baseline_accuracy": 0.5215311004784688,
    "test_accuracy_improvement": 28.440366972477086,
    "train_time_seconds": 0.07539081573486328
  },
  "additional_info": {}
}