{
  "run_id": "lightgbm_target_next_intensity_20251124_215044",
  "timestamp": "20251124_215044",
  "model_name": "lightgbm",
  "target_type": "target_next_intensity",
  "config": {
    "high_intensity_threshold": 7,
    "n_lags": 3,
    "window_days": [
      3,
      7,
      14
    ],
    "k_days_list": [
      1,
      3,
      7
    ],
    "feature_set": "all",
    "subsample": 0.8,
    "num_leaves": 127,
    "n_estimators": 50,
    "min_child_samples": 20,
    "max_depth": 3,
    "learning_rate": 0.1,
    "colsample_bytree": 0.8,
    "model_name": "lightgbm",
    "target_col": "target_next_intensity",
    "task_type": "regression",
    "n_train_samples": 1236,
    "n_test_samples": 209,
    "n_features": 52,
    "search_type": "random",
    "search_time_seconds": 76.03813982009888,
    "best_cv_score": -1.1332558599186064,
    "n_iter": 50
  },
  "metrics": {
    "train_mae": 0.7750172329687549,
    "train_rmse": 1.1773267863486132,
    "train_mse": 1.386098361853953,
    "train_r2": 0.6146987063726292,
    "train_mean_error": 1.9948069373965704e-10,
    "train_median_abs_error": 0.4633266497202553,
    "train_max_error": 5.575993875118729,
    "train_mape": 21.91917014364394,
    "test_mae": 1.989774691585406,
    "test_rmse": 2.480250393849051,
    "test_mse": 6.151642016188372,
    "test_r2": 0.11097992116192246,
    "test_mean_error": -1.0226167837778573,
    "test_median_abs_error": 1.7334408327845954,
    "test_max_error": 5.7624429415136165,
    "test_mape": 40.45356820971154,
    "test_baseline_mae": 2.68385825552407,
    "test_baseline_rmse": 3.2239728261211047,
    "test_mae_improvement": 25.861409130309394,
    "test_rmse_improvement": 23.068508091827095,
    "train_time_seconds": 0.05447793006896973
  },
  "additional_info": {}
}