{
  "run_id": "random_forest_target_next_intensity_20251124_214135",
  "timestamp": "20251124_214135",
  "model_name": "random_forest",
  "target_type": "target_next_intensity",
  "config": {
    "high_intensity_threshold": 7,
    "n_lags": 3,
    "window_days": [
      3,
      7,
      14
    ],
    "k_days_list": [
      1,
      3,
      7
    ],
    "feature_set": "time_window_only",
    "n_estimators": 300,
    "min_samples_split": 2,
    "min_samples_leaf": 4,
    "max_features": 1.0,
    "max_depth": 5,
    "model_name": "random_forest",
    "target_col": "target_next_intensity",
    "task_type": "regression",
    "n_train_samples": 1236,
    "n_test_samples": 209,
    "n_features": 45,
    "search_type": "random",
    "search_time_seconds": 13.701777935028076,
    "best_cv_score": -1.2338265924482976,
    "n_iter": 50
  },
  "metrics": {
    "train_mae": 0.7974802870242814,
    "train_rmse": 1.2273846833842739,
    "train_mse": 1.506473161006314,
    "train_r2": 0.5812374693421604,
    "train_mean_error": -0.004318171288351391,
    "train_median_abs_error": 0.49242786978250286,
    "train_max_error": 4.709709946935466,
    "train_mape": 22.34495549148369,
    "test_mae": 1.9826683790889639,
    "test_rmse": 2.480840210612813,
    "test_mse": 6.154568150593426,
    "test_r2": 0.1105570434598998,
    "test_mean_error": -1.0981651602465394,
    "test_median_abs_error": 1.7975486822388929,
    "test_max_error": 5.665779408459108,
    "test_mape": 39.05346042073769,
    "test_baseline_mae": 2.68385825552407,
    "test_baseline_rmse": 3.2239728261211047,
    "test_mae_improvement": 26.12618885486509,
    "test_rmse_improvement": 23.050213372994996,
    "train_time_seconds": 0.3755676746368408
  },
  "additional_info": {}
}