{
  "run_id": "random_forest_target_next_intensity_20251124_212324",
  "timestamp": "20251124_212324",
  "model_name": "random_forest",
  "target_type": "target_next_intensity",
  "config": {
    "high_intensity_threshold": 7,
    "n_lags": 3,
    "window_days": [
      7
    ],
    "k_days_list": [
      1,
      3,
      7
    ],
    "feature_set": "time_window_only",
    "n_estimators": 100,
    "min_samples_split": 5,
    "min_samples_leaf": 4,
    "max_features": 0.5,
    "max_depth": 5,
    "model_name": "random_forest",
    "target_col": "target_next_intensity",
    "task_type": "regression",
    "n_train_samples": 1236,
    "n_test_samples": 209,
    "n_features": 27,
    "search_type": "random",
    "search_time_seconds": 9.63866114616394,
    "best_cv_score": -1.3084976645364967,
    "n_iter": 50
  },
  "metrics": {
    "train_mae": 0.8240527157301646,
    "train_rmse": 1.2584139485088912,
    "train_mse": 1.5836056658017383,
    "train_r2": 0.559796527850356,
    "train_mean_error": -0.005687150995764483,
    "train_median_abs_error": 0.5233968970475928,
    "train_max_error": 5.022613323675132,
    "train_mape": 23.334656883487554,
    "test_mae": 1.9910705303296272,
    "test_rmse": 2.4495583062868573,
    "test_mse": 6.000335895898936,
    "test_r2": 0.1328463071828282,
    "test_mean_error": -1.104166778578297,
    "test_median_abs_error": 1.7342926955233633,
    "test_max_error": 5.563674880659556,
    "test_mape": 39.253708259717854,
    "test_baseline_mae": 2.68385825552407,
    "test_baseline_rmse": 3.2239728261211047,
    "test_mae_improvement": 25.81312644840717,
    "test_rmse_improvement": 24.0205039434522,
    "train_time_seconds": 0.07601308822631836
  },
  "additional_info": {}
}