{
  "run_id": "random_forest_target_time_to_high_days_20251124_211806",
  "timestamp": "20251124_211806",
  "model_name": "random_forest",
  "target_type": "target_time_to_high_days",
  "config": {
    "high_intensity_threshold": 7,
    "n_lags": 3,
    "window_days": [
      7
    ],
    "k_days_list": [
      1,
      3,
      7
    ],
    "feature_set": "sequence_only",
    "n_estimators": 100,
    "min_samples_split": 10,
    "min_samples_leaf": 2,
    "max_features": 1.0,
    "max_depth": 15,
    "model_name": "random_forest",
    "target_col": "target_time_to_high_days",
    "task_type": "regression",
    "n_train_samples": 1236,
    "n_test_samples": 209,
    "n_features": 22,
    "search_type": "random",
    "search_time_seconds": 8.698539018630981,
    "best_cv_score": -7.632695603625557,
    "n_iter": 50
  },
  "metrics": {
    "train_mae": 1.4352379665757937,
    "train_rmse": 4.860057459770113,
    "train_mse": 23.620158512267125,
    "train_r2": 0.8073973221416807,
    "train_mean_error": 0.02363416561610931,
    "train_median_abs_error": 0.1835408365920248,
    "train_max_error": 62.1189848600456,
    "train_mape": 59915067126.470924,
    "test_mae": 9.015848007511387,
    "test_rmse": 16.472416446665683,
    "test_mse": 271.34050359238205,
    "test_r2": -0.10750200538078136,
    "test_mean_error": 2.970069030271219,
    "test_median_abs_error": 6.302932238254083,
    "test_max_error": 116.16147497866012,
    "test_mape": 360488908976.7778,
    "test_baseline_mae": 7.779687117679656,
    "test_baseline_rmse": 15.843603227545067,
    "test_mae_improvement": -15.889596472620408,
    "test_rmse_improvement": -3.9688775974103288,
    "train_time_seconds": 0.1366419792175293
  },
  "additional_info": {}
}