{
  "run_id": "random_forest_target_high_count_next_7d_20251124_015408",
  "timestamp": "20251124_015408",
  "model_name": "random_forest",
  "target_type": "target_high_count_next_7d",
  "config": {
    "high_intensity_threshold": 7,
    "n_lags": 3,
    "window_days": [
      7
    ],
    "k_days_list": [
      1,
      3,
      7
    ],
    "feature_set": "all",
    "n_estimators": 50,
    "min_samples_split": 2,
    "min_samples_leaf": 1,
    "max_features": 0.5,
    "max_depth": 5,
    "model_name": "random_forest",
    "target_col": "target_high_count_next_7d",
    "task_type": "regression",
    "n_train_samples": 1236,
    "n_test_samples": 209,
    "n_features": 34,
    "search_type": "random",
    "search_time_seconds": 8.986053228378296,
    "best_cv_score": -3.9244493939505336,
    "n_iter": 50
  },
  "metrics": {
    "train_mae": 0.8431078675677833,
    "train_rmse": 1.4058999508573042,
    "train_mse": 1.9765546718205702,
    "train_r2": 0.9467423328506969,
    "train_mean_error": -0.010502870631488238,
    "train_median_abs_error": 0.40870738705278087,
    "train_max_error": 12.402427417806642,
    "train_mape": 273413713714.4536,
    "test_mae": 5.864751067156133,
    "test_rmse": 9.476030088807308,
    "test_mse": 89.79514624398142,
    "test_r2": 0.03942148356937891,
    "test_mean_error": -3.463902027607985,
    "test_median_abs_error": 2.932214568027119,
    "test_max_error": 32.57302962254341,
    "test_mape": 525260555182.6921,
    "test_baseline_mae": 7.236602096591878,
    "test_baseline_rmse": 10.525511766424993,
    "test_mae_improvement": 18.957115661808,
    "test_rmse_improvement": 9.970837531771084,
    "train_time_seconds": 0.045966148376464844
  },
  "additional_info": {}
}