{
  "run_id": "random_forest_target_time_to_high_days_20251124_013006",
  "timestamp": "20251124_013006",
  "model_name": "random_forest",
  "target_type": "target_time_to_high_days",
  "config": {
    "high_intensity_threshold": 7,
    "n_lags": 3,
    "window_days": [
      7
    ],
    "k_days_list": [
      1,
      3,
      7
    ],
    "feature_set": "time_window_only",
    "n_estimators": 200,
    "min_samples_split": 10,
    "min_samples_leaf": 2,
    "max_features": 1.0,
    "max_depth": null,
    "model_name": "random_forest",
    "target_col": "target_time_to_high_days",
    "task_type": "regression",
    "n_train_samples": 1236,
    "n_test_samples": 209,
    "n_features": 27,
    "search_type": "random",
    "search_time_seconds": 11.120914220809937,
    "best_cv_score": -8.143551669192753,
    "n_iter": 50
  },
  "metrics": {
    "train_mae": 1.2800889775112354,
    "train_rmse": 4.730562416726915,
    "train_mse": 22.378220778549192,
    "train_r2": 0.8175242877639959,
    "train_mean_error": 0.05309369179329825,
    "train_median_abs_error": 0.10743868094680664,
    "train_max_error": 59.37350404828796,
    "train_mape": 55841212020.29362,
    "test_mae": 8.49201250089136,
    "test_rmse": 16.141289463203822,
    "test_mse": 260.54122553493477,
    "test_r2": -0.06342372754558334,
    "test_mean_error": 2.938836446207058,
    "test_median_abs_error": 4.926863052583137,
    "test_max_error": 113.85425629648134,
    "test_mape": 390488933409.05585,
    "test_baseline_mae": 7.779687117679656,
    "test_baseline_rmse": 15.843603227545067,
    "test_mae_improvement": -9.156221483418205,
    "test_rmse_improvement": -1.8789048891429552,
    "train_time_seconds": 0.3788900375366211
  },
  "additional_info": {}
}