{
  "run_id": "xgboost_target_next_intensity_20251124_012353",
  "timestamp": "20251124_012353",
  "model_name": "xgboost",
  "target_type": "target_next_intensity",
  "config": {
    "high_intensity_threshold": 7,
    "n_lags": 3,
    "window_days": [
      7
    ],
    "k_days_list": [
      1,
      3,
      7
    ],
    "feature_set": "sequence_only",
    "subsample": 0.8,
    "n_estimators": 100,
    "min_child_weight": 3,
    "max_depth": 3,
    "learning_rate": 0.05,
    "colsample_bytree": 0.8,
    "model_name": "xgboost",
    "target_col": "target_next_intensity",
    "task_type": "regression",
    "n_train_samples": 1236,
    "n_test_samples": 209,
    "n_features": 22,
    "search_type": "random",
    "search_time_seconds": 4.481622934341431,
    "best_cv_score": -1.118621037423032,
    "n_iter": 50
  },
  "metrics": {
    "train_mae": 0.7695060201640268,
    "train_rmse": 1.1706019927330757,
    "train_mse": 1.370309025390648,
    "train_r2": 0.6190877540277264,
    "train_mean_error": 0.0027340080552888148,
    "train_median_abs_error": 0.4324309825897217,
    "train_max_error": 4.746636867523193,
    "train_mape": 21.68136150176136,
    "test_mae": 2.0157035321139833,
    "test_rmse": 2.469795515449814,
    "test_mse": 6.099889888136011,
    "test_r2": 0.1184590106213016,
    "test_mean_error": -1.1058229510293622,
    "test_median_abs_error": 1.8575525283813477,
    "test_max_error": 5.473052501678467,
    "test_mape": 40.498854100494924,
    "test_baseline_mae": 2.68385825552407,
    "test_baseline_rmse": 3.2239728261211047,
    "test_mae_improvement": 24.895305928875068,
    "test_rmse_improvement": 23.39279365386813,
    "train_time_seconds": 0.07914209365844727
  },
  "additional_info": {}
}