{
  "run_id": "xgboost_target_high_count_next_7d_20251124_214921",
  "timestamp": "20251124_214921",
  "model_name": "xgboost",
  "target_type": "target_high_count_next_7d",
  "config": {
    "high_intensity_threshold": 7,
    "n_lags": 3,
    "window_days": [
      3,
      7,
      14
    ],
    "k_days_list": [
      1,
      3,
      7
    ],
    "feature_set": "all",
    "subsample": 0.6,
    "n_estimators": 100,
    "min_child_weight": 5,
    "max_depth": 10,
    "learning_rate": 0.05,
    "colsample_bytree": 1.0,
    "model_name": "xgboost",
    "target_col": "target_high_count_next_7d",
    "task_type": "regression",
    "n_train_samples": 1236,
    "n_test_samples": 209,
    "n_features": 52,
    "search_type": "random",
    "search_time_seconds": 6.004136085510254,
    "best_cv_score": -4.05822036519048,
    "n_iter": 50
  },
  "metrics": {
    "train_mae": 0.20949518487126223,
    "train_rmse": 0.5336073446804125,
    "train_mse": 0.28473679829688053,
    "train_r2": 0.9923278531856213,
    "train_mean_error": 0.0005698436670081425,
    "train_median_abs_error": 0.06490189582109451,
    "train_max_error": 8.07707405090332,
    "train_mape": 69126680733.36533,
    "test_mae": 6.277261688146722,
    "test_rmse": 9.515953615849053,
    "test_mse": 90.55337321899069,
    "test_r2": 0.03131039323501794,
    "test_mean_error": -3.0862800334736207,
    "test_median_abs_error": 2.7488746643066406,
    "test_max_error": 30.56172275543213,
    "test_mape": 594618853980.5919,
    "test_baseline_mae": 7.236602096591878,
    "test_baseline_rmse": 10.525511766424993,
    "test_mae_improvement": 13.256779848334666,
    "test_rmse_improvement": 9.591535052920639,
    "train_time_seconds": 0.3275899887084961
  },
  "additional_info": {}
}