{
  "run_id": "xgboost_target_high_count_next_7d_20251124_214232",
  "timestamp": "20251124_214232",
  "model_name": "xgboost",
  "target_type": "target_high_count_next_7d",
  "config": {
    "high_intensity_threshold": 7,
    "n_lags": 3,
    "window_days": [
      3,
      7,
      14
    ],
    "k_days_list": [
      1,
      3,
      7
    ],
    "feature_set": "time_window_only",
    "subsample": 0.6,
    "n_estimators": 300,
    "min_child_weight": 5,
    "max_depth": 10,
    "learning_rate": 0.05,
    "colsample_bytree": 0.8,
    "model_name": "xgboost",
    "target_col": "target_high_count_next_7d",
    "task_type": "regression",
    "n_train_samples": 1236,
    "n_test_samples": 209,
    "n_features": 45,
    "search_type": "random",
    "search_time_seconds": 5.348309755325317,
    "best_cv_score": -4.093365957338286,
    "n_iter": 50
  },
  "metrics": {
    "train_mae": 0.06983231936295481,
    "train_rmse": 0.15929466024757546,
    "train_mse": 0.025374788783390497,
    "train_r2": 0.9993162839994884,
    "train_mean_error": 0.00022322811697938246,
    "train_median_abs_error": 0.030410654842853546,
    "train_max_error": 2.3492488861083984,
    "train_mape": 21799272825.422527,
    "test_mae": 6.164531239629255,
    "test_rmse": 9.548451129690582,
    "test_mse": 91.17291897608933,
    "test_r2": 0.024682837413707692,
    "test_mean_error": -3.4360656015013467,
    "test_median_abs_error": 2.3760576248168945,
    "test_max_error": 31.121658325195312,
    "test_mape": 569428180508.9685,
    "test_baseline_mae": 7.236602096591878,
    "test_baseline_rmse": 10.525511766424993,
    "test_mae_improvement": 14.81456134595988,
    "test_rmse_improvement": 9.282785088427783,
    "train_time_seconds": 0.826085090637207
  },
  "additional_info": {}
}