{
  "run_id": "xgboost_target_high_count_next_7d_20251124_213026",
  "timestamp": "20251124_213026",
  "model_name": "xgboost",
  "target_type": "target_high_count_next_7d",
  "config": {
    "high_intensity_threshold": 7,
    "n_lags": 3,
    "window_days": [
      7
    ],
    "k_days_list": [
      1,
      3,
      7
    ],
    "feature_set": "all",
    "subsample": 0.6,
    "n_estimators": 300,
    "min_child_weight": 5,
    "max_depth": 10,
    "learning_rate": 0.05,
    "colsample_bytree": 0.8,
    "model_name": "xgboost",
    "target_col": "target_high_count_next_7d",
    "task_type": "regression",
    "n_train_samples": 1236,
    "n_test_samples": 209,
    "n_features": 34,
    "search_type": "random",
    "search_time_seconds": 4.585103273391724,
    "best_cv_score": -4.033395547198423,
    "n_iter": 50
  },
  "metrics": {
    "train_mae": 0.07833398975205681,
    "train_rmse": 0.20720078704632144,
    "train_mse": 0.04293216615261505,
    "train_r2": 0.99884320578249,
    "train_mean_error": 0.0009279509075833665,
    "train_median_abs_error": 0.0350071769207716,
    "train_max_error": 4.141749382019043,
    "train_mape": 25372157594.283237,
    "test_mae": 5.99323118000367,
    "test_rmse": 9.289381435252222,
    "test_mse": 86.29260744960862,
    "test_r2": 0.0768896949323602,
    "test_mean_error": -3.711525980543577,
    "test_median_abs_error": 2.746673583984375,
    "test_max_error": 30.53194808959961,
    "test_mape": 543949857603.6843,
    "test_baseline_mae": 7.236602096591878,
    "test_baseline_rmse": 10.525511766424993,
    "test_mae_improvement": 17.181695220934984,
    "test_rmse_improvement": 11.744135188902307,
    "train_time_seconds": 0.7071430683135986
  },
  "additional_info": {}
}