{
  "run_id": "lightgbm_target_time_to_high_days_20251109_194648",
  "timestamp": "20251109_194648",
  "model_name": "lightgbm",
  "target_type": "target_time_to_high_days",
  "config": {
    "high_intensity_threshold": 7,
    "n_lags": 3,
    "window_days": [
      3,
      7,
      14
    ],
    "k_days_list": [
      1,
      3,
      7
    ],
    "feature_set": "all",
    "subsample": 0.8,
    "num_leaves": 127,
    "n_estimators": 200,
    "min_child_samples": 5,
    "max_depth": 10,
    "learning_rate": 0.01,
    "colsample_bytree": 0.6,
    "model_name": "lightgbm",
    "target_col": "target_time_to_high_days",
    "task_type": "regression",
    "n_train_samples": 1236,
    "n_test_samples": 209,
    "n_features": 52,
    "search_type": "random",
    "search_time_seconds": 110.47013401985168,
    "best_cv_score": -8.665892087432214,
    "n_iter": 50
  },
  "metrics": {
    "train_mae": 1.5831998897662913,
    "train_rmse": 3.3825374614426162,
    "train_mse": 11.44155967806266,
    "train_r2": 0.9067036306413372,
    "train_mean_error": 1.5584639563756848e-08,
    "train_median_abs_error": 1.001898361773922,
    "train_max_error": 43.644730110199994,
    "train_mape": 47161289725.3539,
    "test_mae": 7.177882098970315,
    "test_rmse": 16.330083582643443,
    "test_mse": 266.67162981612086,
    "test_r2": -0.08844555416313793,
    "test_mean_error": 1.4115706756584043,
    "test_median_abs_error": 4.2619001780557095,
    "test_max_error": 119.95037878056371,
    "test_mape": 308487695929.93744,
    "test_baseline_mae": 7.779687117679656,
    "test_baseline_rmse": 15.843603227545067,
    "test_mae_improvement": 7.73559411331228,
    "test_rmse_improvement": -3.0705158928279657,
    "train_time_seconds": 2.5504677295684814
  },
  "additional_info": {}
}