{
  "run_id": "lightgbm_target_next_intensity_20251109_194111",
  "timestamp": "20251109_194111",
  "model_name": "lightgbm",
  "target_type": "target_next_intensity",
  "config": {
    "high_intensity_threshold": 7,
    "n_lags": 3,
    "window_days": [
      3,
      7,
      14
    ],
    "k_days_list": [
      1,
      3,
      7
    ],
    "feature_set": "all",
    "subsample": 0.6,
    "num_leaves": 15,
    "n_estimators": 300,
    "min_child_samples": 10,
    "max_depth": -1,
    "learning_rate": 0.01,
    "colsample_bytree": 1.0,
    "model_name": "lightgbm",
    "target_col": "target_next_intensity",
    "task_type": "regression",
    "n_train_samples": 1236,
    "n_test_samples": 209,
    "n_features": 52,
    "search_type": "random",
    "search_time_seconds": 136.42351293563843,
    "best_cv_score": -1.1258784269671798,
    "n_iter": 50
  },
  "metrics": {
    "train_mae": 0.6739649701020742,
    "train_rmse": 1.0137627315521425,
    "train_mse": 1.0277148758840613,
    "train_r2": 0.7143205114039777,
    "train_mean_error": 7.186350184472663e-11,
    "train_median_abs_error": 0.37628267329036724,
    "train_max_error": 4.943108149064849,
    "train_mape": 19.38709980828415,
    "test_mae": 2.092538937427861,
    "test_rmse": 2.612471237719703,
    "test_mse": 6.825005967912715,
    "test_r2": 0.013667029437508416,
    "test_mean_error": -1.2264789391462865,
    "test_median_abs_error": 1.8626979819647627,
    "test_max_error": 5.944919886086044,
    "test_mape": 41.12068256243601,
    "test_baseline_mae": 2.68385825552407,
    "test_baseline_rmse": 3.2239728261211047,
    "test_mae_improvement": 22.03243471890224,
    "test_rmse_improvement": 18.967330724593133,
    "train_time_seconds": 1.1203539371490479
  },
  "additional_info": {}
}