{
  "run_id": "lightgbm_target_next_intensity_20251109_193016",
  "timestamp": "20251109_193016",
  "model_name": "lightgbm",
  "target_type": "target_next_intensity",
  "config": {
    "high_intensity_threshold": 7,
    "n_lags": 3,
    "window_days": [
      3,
      7,
      14
    ],
    "k_days_list": [
      1,
      3,
      7
    ],
    "feature_set": "time_window_only",
    "subsample": 0.8,
    "num_leaves": 63,
    "n_estimators": 100,
    "min_child_samples": 20,
    "max_depth": 10,
    "learning_rate": 0.05,
    "colsample_bytree": 0.6,
    "model_name": "lightgbm",
    "target_col": "target_next_intensity",
    "task_type": "regression",
    "n_train_samples": 1236,
    "n_test_samples": 209,
    "n_features": 45,
    "search_type": "random",
    "search_time_seconds": 117.16741013526917,
    "best_cv_score": -1.21717807686311,
    "n_iter": 50
  },
  "metrics": {
    "train_mae": 0.4857319719450602,
    "train_rmse": 0.7680541149871758,
    "train_mse": 0.5899071235487339,
    "train_r2": 0.8360203113440536,
    "train_mean_error": -2.0243077620491815e-11,
    "train_median_abs_error": 0.24425714011507083,
    "train_max_error": 4.362697835390843,
    "train_mape": 13.641519602456325,
    "test_mae": 2.049790598297814,
    "test_rmse": 2.583251503506706,
    "test_mse": 6.673188330369657,
    "test_r2": 0.03560733866590027,
    "test_mean_error": -1.1378523797259041,
    "test_median_abs_error": 1.7937444335217632,
    "test_max_error": 6.098535031226172,
    "test_mape": 40.63327471840801,
    "test_baseline_mae": 2.68385825552407,
    "test_baseline_rmse": 3.2239728261211047,
    "test_mae_improvement": 23.625228937526106,
    "test_rmse_improvement": 19.873657663091322,
    "train_time_seconds": 1.2073631286621094
  },
  "additional_info": {}
}