{
  "run_id": "lightgbm_target_next_intensity_20251109_181644",
  "timestamp": "20251109_181644",
  "model_name": "lightgbm",
  "target_type": "target_next_intensity",
  "config": {
    "high_intensity_threshold": 7,
    "n_lags": 3,
    "window_days": [
      7
    ],
    "k_days_list": [
      1,
      3,
      7
    ],
    "feature_set": "sequence_only",
    "subsample": 0.8,
    "num_leaves": 127,
    "n_estimators": 50,
    "min_child_samples": 20,
    "max_depth": 3,
    "learning_rate": 0.1,
    "colsample_bytree": 0.8,
    "model_name": "lightgbm",
    "target_col": "target_next_intensity",
    "task_type": "regression",
    "n_train_samples": 1236,
    "n_test_samples": 209,
    "n_features": 22,
    "search_type": "random",
    "search_time_seconds": 107.0997040271759,
    "best_cv_score": -1.1119634256762039,
    "n_iter": 50
  },
  "metrics": {
    "train_mae": 0.7831972329080434,
    "train_rmse": 1.2038096108228935,
    "train_mse": 1.4491575791095663,
    "train_r2": 0.5971697930917423,
    "train_mean_error": 1.0929800610058339e-10,
    "train_median_abs_error": 0.4208683746710147,
    "train_max_error": 5.663695833545856,
    "train_mape": 22.168514962037644,
    "test_mae": 2.05045142027093,
    "test_rmse": 2.50140670558854,
    "test_mse": 6.257035506763311,
    "test_r2": 0.0957487147533922,
    "test_mean_error": -1.0811938882422318,
    "test_median_abs_error": 1.927816340944542,
    "test_max_error": 5.848747059180065,
    "test_mape": 41.3150394512564,
    "test_baseline_mae": 2.68385825552407,
    "test_baseline_rmse": 3.2239728261211047,
    "test_mae_improvement": 23.60060684834701,
    "test_rmse_improvement": 22.412289417523226,
    "train_time_seconds": 0.07268881797790527
  },
  "additional_info": {}
}