{
  "run_id": "lightgbm_target_time_to_high_days_20251109_183558",
  "timestamp": "20251109_183558",
  "model_name": "lightgbm",
  "target_type": "target_time_to_high_days",
  "config": {
    "high_intensity_threshold": 7,
    "n_lags": 3,
    "window_days": [
      7
    ],
    "k_days_list": [
      1,
      3,
      7
    ],
    "feature_set": "time_window_only",
    "subsample": 1.0,
    "num_leaves": 15,
    "n_estimators": 50,
    "min_child_samples": 10,
    "max_depth": 7,
    "learning_rate": 0.1,
    "colsample_bytree": 0.8,
    "model_name": "lightgbm",
    "target_col": "target_time_to_high_days",
    "task_type": "regression",
    "n_train_samples": 1236,
    "n_test_samples": 209,
    "n_features": 27,
    "search_type": "random",
    "search_time_seconds": 98.47247886657715,
    "best_cv_score": -7.6642233767730055,
    "n_iter": 50
  },
  "metrics": {
    "train_mae": 1.4458301370397353,
    "train_rmse": 3.882025093072551,
    "train_mse": 15.07011882324495,
    "train_r2": 0.8771157594267369,
    "train_mean_error": 1.4729727076316543e-08,
    "train_median_abs_error": 0.5268538160484264,
    "train_max_error": 53.4044674163915,
    "train_mape": 57855355474.04766,
    "test_mae": 7.404599799940338,
    "test_rmse": 16.336166283655174,
    "test_mse": 266.8703288472321,
    "test_r2": -0.08925656310765406,
    "test_mean_error": 1.6255511171156227,
    "test_median_abs_error": 3.4845530928180675,
    "test_max_error": 122.03274136501778,
    "test_mape": 309914061906.6079,
    "test_baseline_mae": 7.779687117679656,
    "test_baseline_rmse": 15.843603227545067,
    "test_mae_improvement": 4.821367647124482,
    "test_rmse_improvement": -3.1089080497405823,
    "train_time_seconds": 0.12974786758422852
  },
  "additional_info": {}
}