{
  "run_id": "lightgbm_target_high_count_next_7d_20251109_184315",
  "timestamp": "20251109_184315",
  "model_name": "lightgbm",
  "target_type": "target_high_count_next_7d",
  "config": {
    "high_intensity_threshold": 7,
    "n_lags": 3,
    "window_days": [
      7
    ],
    "k_days_list": [
      1,
      3,
      7
    ],
    "feature_set": "all",
    "subsample": 0.8,
    "num_leaves": 31,
    "n_estimators": 300,
    "min_child_samples": 10,
    "max_depth": 3,
    "learning_rate": 0.1,
    "colsample_bytree": 0.6,
    "model_name": "lightgbm",
    "target_col": "target_high_count_next_7d",
    "task_type": "regression",
    "n_train_samples": 1236,
    "n_test_samples": 209,
    "n_features": 34,
    "search_type": "random",
    "search_time_seconds": 104.96698188781738,
    "best_cv_score": -3.961359088196417,
    "n_iter": 50
  },
  "metrics": {
    "train_mae": 0.3867816195274103,
    "train_rmse": 0.6366834323081324,
    "train_mse": 0.4053657929756643,
    "train_r2": 0.9890775414493715,
    "train_mean_error": -1.2798158649356816e-10,
    "train_median_abs_error": 0.21282917179719313,
    "train_max_error": 6.205882284833251,
    "train_mape": 136919666827.51524,
    "test_mae": 5.876267793488021,
    "test_rmse": 9.048401747076726,
    "test_mse": 81.87357417650115,
    "test_r2": 0.12416205433144778,
    "test_mean_error": -3.6016337162031933,
    "test_median_abs_error": 2.6459809044367666,
    "test_max_error": 29.538459799928994,
    "test_mape": 547674199678.3215,
    "test_baseline_mae": 7.236602096591878,
    "test_baseline_rmse": 10.525511766424993,
    "test_mae_improvement": 18.797970165369662,
    "test_rmse_improvement": 14.033617102211169,
    "train_time_seconds": 0.2641870975494385
  },
  "additional_info": {}
}