{
  "run_id": "lightgbm_target_time_to_high_days_20251109_184450",
  "timestamp": "20251109_184450",
  "model_name": "lightgbm",
  "target_type": "target_time_to_high_days",
  "config": {
    "high_intensity_threshold": 7,
    "n_lags": 3,
    "window_days": [
      7
    ],
    "k_days_list": [
      1,
      3,
      7
    ],
    "feature_set": "all",
    "subsample": 0.8,
    "num_leaves": 15,
    "n_estimators": 300,
    "min_child_samples": 5,
    "max_depth": 10,
    "learning_rate": 0.05,
    "colsample_bytree": 1.0,
    "model_name": "lightgbm",
    "target_col": "target_time_to_high_days",
    "task_type": "regression",
    "n_train_samples": 1236,
    "n_test_samples": 209,
    "n_features": 34,
    "search_type": "random",
    "search_time_seconds": 94.78962087631226,
    "best_cv_score": -7.791535423876709,
    "n_iter": 50
  },
  "metrics": {
    "train_mae": 0.3881632475646458,
    "train_rmse": 0.7214272164848993,
    "train_mse": 0.5204572286851497,
    "train_r2": 0.9957561057050731,
    "train_mean_error": 1.512414746335431e-08,
    "train_median_abs_error": 0.22088733910853314,
    "train_max_error": 10.63208275663024,
    "train_mape": 14423045228.838179,
    "test_mae": 8.104445959923146,
    "test_rmse": 16.40629159403403,
    "test_mse": 269.16640386847166,
    "test_r2": -0.09862821111766729,
    "test_mean_error": 2.204332870300952,
    "test_median_abs_error": 5.531373146262556,
    "test_max_error": 116.16583320897692,
    "test_mape": 261797696973.73184,
    "test_baseline_mae": 7.779687117679656,
    "test_baseline_rmse": 15.843603227545067,
    "test_mae_improvement": -4.174446058447024,
    "test_rmse_improvement": -3.5515176592575566,
    "train_time_seconds": 0.809837818145752
  },
  "additional_info": {}
}