{
  "run_id": "lightgbm_target_high_count_next_7d_20251109_193437",
  "timestamp": "20251109_193437",
  "model_name": "lightgbm",
  "target_type": "target_high_count_next_7d",
  "config": {
    "high_intensity_threshold": 7,
    "n_lags": 3,
    "window_days": [
      3,
      7,
      14
    ],
    "k_days_list": [
      1,
      3,
      7
    ],
    "feature_set": "time_window_only",
    "subsample": 0.8,
    "num_leaves": 127,
    "n_estimators": 50,
    "min_child_samples": 20,
    "max_depth": 3,
    "learning_rate": 0.1,
    "colsample_bytree": 0.8,
    "model_name": "lightgbm",
    "target_col": "target_high_count_next_7d",
    "task_type": "regression",
    "n_train_samples": 1236,
    "n_test_samples": 209,
    "n_features": 45,
    "search_type": "random",
    "search_time_seconds": 139.73530387878418,
    "best_cv_score": -3.907532703284406,
    "n_iter": 50
  },
  "metrics": {
    "train_mae": 0.9504863409942523,
    "train_rmse": 1.6389110871980699,
    "train_mse": 2.6860295517407597,
    "train_r2": 0.9276257470338329,
    "train_mean_error": -1.6641453551390347e-10,
    "train_median_abs_error": 0.4564359905238896,
    "train_max_error": 16.580261338961858,
    "train_mape": 303218759417.02466,
    "test_mae": 6.2630863339144796,
    "test_rmse": 9.792338919646598,
    "test_mse": 95.88990151722551,
    "test_r2": -0.025776817488824655,
    "test_mean_error": -4.236631722470226,
    "test_median_abs_error": 2.763873071593349,
    "test_max_error": 32.43298853837343,
    "test_mape": 549189376541.2843,
    "test_baseline_mae": 7.236602096591878,
    "test_baseline_rmse": 10.525511766424993,
    "test_mae_improvement": 13.452663966917314,
    "test_rmse_improvement": 6.965674097834561,
    "train_time_seconds": 0.0739741325378418
  },
  "additional_info": {}
}