{
  "run_id": "lightgbm_target_next_high_intensity_20251109_184129",
  "timestamp": "20251109_184129",
  "model_name": "lightgbm",
  "target_type": "target_next_high_intensity",
  "config": {
    "high_intensity_threshold": 7,
    "n_lags": 3,
    "window_days": [
      7
    ],
    "k_days_list": [
      1,
      3,
      7
    ],
    "feature_set": "all",
    "subsample": 0.8,
    "num_leaves": 15,
    "n_estimators": 50,
    "min_child_samples": 10,
    "max_depth": 3,
    "learning_rate": 0.05,
    "colsample_bytree": 0.6,
    "model_name": "lightgbm",
    "target_col": "target_next_high_intensity",
    "task_type": "classification",
    "n_train_samples": 1236,
    "n_test_samples": 209,
    "n_features": 34,
    "search_type": "random",
    "search_time_seconds": 137.51548314094543,
    "best_cv_score": 0.34935564562373395,
    "n_iter": 50
  },
  "metrics": {
    "train_accuracy": 0.8875404530744336,
    "train_precision": 0.8571428571428571,
    "train_recall": 0.36180904522613067,
    "train_f1": 0.508833922261484,
    "train_true_positives": 72,
    "train_true_negatives": 1025,
    "train_false_positives": 12,
    "train_false_negatives": 127,
    "train_specificity": 0.9884281581485053,
    "train_baseline_accuracy": 0.8389967637540453,
    "train_accuracy_improvement": 5.785920925747345,
    "test_accuracy": 0.583732057416268,
    "test_precision": 0.9333333333333333,
    "test_recall": 0.14,
    "test_f1": 0.24347826086956523,
    "test_true_positives": 14,
    "test_true_negatives": 108,
    "test_false_positives": 1,
    "test_false_negatives": 86,
    "test_specificity": 0.9908256880733946,
    "test_roc_auc": 0.7896788990825687,
    "test_pr_auc": 0.7556569502796053,
    "test_baseline_accuracy": 0.5215311004784688,
    "test_accuracy_improvement": 11.926605504587178,
    "train_time_seconds": 0.06868195533752441
  },
  "additional_info": {}
}