{
  "run_id": "random_forest_target_high_count_next_7d_20251109_192213",
  "timestamp": "20251109_192213",
  "model_name": "random_forest",
  "target_type": "target_high_count_next_7d",
  "config": {
    "high_intensity_threshold": 7,
    "n_lags": 3,
    "window_days": [
      3,
      7,
      14
    ],
    "k_days_list": [
      1,
      3,
      7
    ],
    "feature_set": "time_window_only",
    "n_estimators": 50,
    "min_samples_split": 5,
    "min_samples_leaf": 2,
    "max_features": "sqrt",
    "max_depth": 20,
    "model_name": "random_forest",
    "target_col": "target_high_count_next_7d",
    "task_type": "regression",
    "n_train_samples": 1236,
    "n_test_samples": 209,
    "n_features": 45,
    "search_type": "random",
    "search_time_seconds": 16.802417039871216,
    "best_cv_score": -4.096353589892799,
    "n_iter": 50
  },
  "metrics": {
    "train_mae": 0.4636680123634006,
    "train_rmse": 1.200933703888316,
    "train_mse": 1.4422417611349097,
    "train_r2": 0.9611392324439986,
    "train_mean_error": 0.007651871963622385,
    "train_median_abs_error": 0.08654761904761904,
    "train_max_error": 13.27351515151515,
    "train_mape": 138246500634.39328,
    "test_mae": 5.595428813298219,
    "test_rmse": 8.949859562223354,
    "test_mse": 80.0999861835208,
    "test_r2": 0.1431349119336528,
    "test_mean_error": -3.384720610908621,
    "test_median_abs_error": 2.75063492063492,
    "test_max_error": 32.19232467532468,
    "test_mape": 565449390119.3162,
    "test_baseline_mae": 7.236602096591878,
    "test_baseline_rmse": 10.525511766424993,
    "test_mae_improvement": 22.67878296177953,
    "test_rmse_improvement": 14.969839369024918,
    "train_time_seconds": 0.06875491142272949
  },
  "additional_info": {}
}