{
  "run_id": "random_forest_target_time_to_high_days_20251109_183707",
  "timestamp": "20251109_183707",
  "model_name": "random_forest",
  "target_type": "target_time_to_high_days",
  "config": {
    "high_intensity_threshold": 7,
    "n_lags": 3,
    "window_days": [
      7
    ],
    "k_days_list": [
      1,
      3,
      7
    ],
    "feature_set": "all",
    "n_estimators": 200,
    "min_samples_split": 2,
    "min_samples_leaf": 1,
    "max_features": 1.0,
    "max_depth": null,
    "model_name": "random_forest",
    "target_col": "target_time_to_high_days",
    "task_type": "regression",
    "n_train_samples": 1236,
    "n_test_samples": 209,
    "n_features": 34,
    "search_type": "random",
    "search_time_seconds": 16.733078956604004,
    "best_cv_score": -8.015144367944414,
    "n_iter": 50
  },
  "metrics": {
    "train_mae": 0.6784778528054026,
    "train_rmse": 2.1531442253028463,
    "train_mse": 4.636030054954995,
    "train_r2": 0.962197044412202,
    "train_mean_error": 0.017536473239060508,
    "train_median_abs_error": 0.03963918766021457,
    "train_max_error": 26.675893639908708,
    "train_mape": 34424591018.535355,
    "test_mae": 10.322949851357613,
    "test_rmse": 17.04044913002751,
    "test_mse": 290.37690655305533,
    "test_r2": -0.18520088990063077,
    "test_mean_error": 4.809501017618745,
    "test_median_abs_error": 8.816869309289599,
    "test_max_error": 112.81546459403235,
    "test_mape": 492342357711.5161,
    "test_baseline_mae": 7.779687117679656,
    "test_baseline_rmse": 15.843603227545067,
    "test_mae_improvement": -32.69106707258559,
    "test_rmse_improvement": -7.554126957696433,
    "train_time_seconds": 0.48293185234069824
  },
  "additional_info": {}
}