{
  "run_id": "xgboost_target_time_to_high_days_20251109_193853",
  "timestamp": "20251109_193853",
  "model_name": "xgboost",
  "target_type": "target_time_to_high_days",
  "config": {
    "high_intensity_threshold": 7,
    "n_lags": 3,
    "window_days": [
      3,
      7,
      14
    ],
    "k_days_list": [
      1,
      3,
      7
    ],
    "feature_set": "all",
    "subsample": 1.0,
    "n_estimators": 300,
    "min_child_weight": 1,
    "max_depth": 7,
    "learning_rate": 0.2,
    "colsample_bytree": 0.8,
    "model_name": "xgboost",
    "target_col": "target_time_to_high_days",
    "task_type": "regression",
    "n_train_samples": 1236,
    "n_test_samples": 209,
    "n_features": 52,
    "search_type": "random",
    "search_time_seconds": 8.060585021972656,
    "best_cv_score": -7.618736378587125,
    "n_iter": 50
  },
  "metrics": {
    "train_mae": 0.001068610755960342,
    "train_rmse": 0.0015436341636596107,
    "train_mse": 2.382806431217106e-06,
    "train_r2": 0.9999999805702023,
    "train_mean_error": -1.6894855999589817e-07,
    "train_median_abs_error": 0.0006930239754696418,
    "train_max_error": 0.007803102552023464,
    "train_mape": 22903338.694751494,
    "test_mae": 8.155534019652853,
    "test_rmse": 16.840523661464236,
    "test_mse": 283.60323719233674,
    "test_r2": -0.1575535158393968,
    "test_mean_error": 1.8365962887973062,
    "test_median_abs_error": 5.765392986934814,
    "test_max_error": 119.69688963845648,
    "test_mape": 304220345114.01685,
    "test_baseline_mae": 7.779687117679656,
    "test_baseline_rmse": 15.843603227545067,
    "test_mae_improvement": -4.831131333277778,
    "test_rmse_improvement": -6.292258267273203,
    "train_time_seconds": 1.4708731174468994
  },
  "additional_info": {}
}