{
  "run_id": "xgboost_target_high_count_next_7d_20251109_193843",
  "timestamp": "20251109_193843",
  "model_name": "xgboost",
  "target_type": "target_high_count_next_7d",
  "config": {
    "high_intensity_threshold": 7,
    "n_lags": 3,
    "window_days": [
      3,
      7,
      14
    ],
    "k_days_list": [
      1,
      3,
      7
    ],
    "feature_set": "all",
    "subsample": 0.6,
    "n_estimators": 100,
    "min_child_weight": 5,
    "max_depth": 10,
    "learning_rate": 0.05,
    "colsample_bytree": 1.0,
    "model_name": "xgboost",
    "target_col": "target_high_count_next_7d",
    "task_type": "regression",
    "n_train_samples": 1236,
    "n_test_samples": 209,
    "n_features": 52,
    "search_type": "random",
    "search_time_seconds": 9.055675983428955,
    "best_cv_score": -4.0582203070322675,
    "n_iter": 50
  },
  "metrics": {
    "train_mae": 0.2094952017068863,
    "train_rmse": 0.5336073297026506,
    "train_mse": 0.2847367823123932,
    "train_r2": 0.992327868938446,
    "train_mean_error": 0.0005698436670081425,
    "train_median_abs_error": 0.06490189582109451,
    "train_max_error": 8.07707405090332,
    "train_mape": 69126680733.36533,
    "test_mae": 6.277261257171631,
    "test_rmse": 9.515954123131067,
    "test_mse": 90.55338287353516,
    "test_r2": 0.03131037950515747,
    "test_mean_error": -3.0862800334736207,
    "test_median_abs_error": 2.7488746643066406,
    "test_max_error": 30.56172275543213,
    "test_mape": 594618853980.5919,
    "test_baseline_mae": 7.236602096591878,
    "test_baseline_rmse": 10.525511766424993,
    "test_mae_improvement": 13.256785803824348,
    "test_rmse_improvement": 9.59153023337338,
    "train_time_seconds": 0.7820310592651367
  },
  "additional_info": {}
}