{
  "run_id": "xgboost_target_next_intensity_20251109_192608",
  "timestamp": "20251109_192608",
  "model_name": "xgboost",
  "target_type": "target_next_intensity",
  "config": {
    "high_intensity_threshold": 7,
    "n_lags": 3,
    "window_days": [
      3,
      7,
      14
    ],
    "k_days_list": [
      1,
      3,
      7
    ],
    "feature_set": "time_window_only",
    "subsample": 1.0,
    "n_estimators": 200,
    "min_child_weight": 3,
    "max_depth": 7,
    "learning_rate": 0.01,
    "colsample_bytree": 1.0,
    "model_name": "xgboost",
    "target_col": "target_next_intensity",
    "task_type": "regression",
    "n_train_samples": 1236,
    "n_test_samples": 209,
    "n_features": 45,
    "search_type": "random",
    "search_time_seconds": 8.520537853240967,
    "best_cv_score": -1.2557501594225566,
    "n_iter": 50
  },
  "metrics": {
    "train_mae": 0.5819257497787476,
    "train_rmse": 0.8368850044182398,
    "train_mse": 0.7003765106201172,
    "train_r2": 0.8053125143051147,
    "train_mean_error": -0.006635759930008823,
    "train_median_abs_error": 0.32970380783081055,
    "train_max_error": 3.8590235710144043,
    "train_mape": 16.349431914074973,
    "test_mae": 2.176440477371216,
    "test_rmse": 2.764718634584353,
    "test_mse": 7.643669128417969,
    "test_r2": -0.10464417934417725,
    "test_mean_error": -1.4217643635124682,
    "test_median_abs_error": 1.824120044708252,
    "test_max_error": 6.720526933670044,
    "test_mape": 39.366440698478264,
    "test_baseline_mae": 2.68385825552407,
    "test_baseline_rmse": 3.2239728261211047,
    "test_mae_improvement": 18.90628080333446,
    "test_rmse_improvement": 14.244977123126054,
    "train_time_seconds": 0.745823860168457
  },
  "additional_info": {}
}