{
  "run_id": "xgboost_target_high_count_next_7d_20251109_182757",
  "timestamp": "20251109_182757",
  "model_name": "xgboost",
  "target_type": "target_high_count_next_7d",
  "config": {
    "high_intensity_threshold": 7,
    "n_lags": 3,
    "window_days": [
      7
    ],
    "k_days_list": [
      1,
      3,
      7
    ],
    "feature_set": "time_window_only",
    "subsample": 0.8,
    "n_estimators": 100,
    "min_child_weight": 1,
    "max_depth": 7,
    "learning_rate": 0.1,
    "colsample_bytree": 0.8,
    "model_name": "xgboost",
    "target_col": "target_high_count_next_7d",
    "task_type": "regression",
    "n_train_samples": 1236,
    "n_test_samples": 209,
    "n_features": 27,
    "search_type": "random",
    "search_time_seconds": 3.746856212615967,
    "best_cv_score": -4.075666507085164,
    "n_iter": 50
  },
  "metrics": {
    "train_mae": 0.06314379721879959,
    "train_rmse": 0.10397631767319221,
    "train_mse": 0.010811074636876583,
    "train_r2": 0.9997087121009827,
    "train_mean_error": -0.00011343535816872042,
    "train_median_abs_error": 0.03035895526409149,
    "train_max_error": 0.5936511158943176,
    "train_mape": 23234205095.601673,
    "test_mae": 6.549001693725586,
    "test_rmse": 10.32538442565688,
    "test_mse": 106.61356353759766,
    "test_r2": -0.14049255847930908,
    "test_mean_error": -4.022419010658869,
    "test_median_abs_error": 2.883998394012451,
    "test_max_error": 34.36442303657532,
    "test_mape": 557442785541.314,
    "test_baseline_mae": 7.236602096591878,
    "test_baseline_rmse": 10.525511766424993,
    "test_mae_improvement": 9.50170250745335,
    "test_rmse_improvement": 1.9013549669527008,
    "train_time_seconds": 0.32323598861694336
  },
  "additional_info": {}
}