{
  "run_id": "xgboost_target_high_count_next_7d_20251109_192809",
  "timestamp": "20251109_192809",
  "model_name": "xgboost",
  "target_type": "target_high_count_next_7d",
  "config": {
    "high_intensity_threshold": 7,
    "n_lags": 3,
    "window_days": [
      3,
      7,
      14
    ],
    "k_days_list": [
      1,
      3,
      7
    ],
    "feature_set": "time_window_only",
    "subsample": 0.6,
    "n_estimators": 300,
    "min_child_weight": 5,
    "max_depth": 10,
    "learning_rate": 0.05,
    "colsample_bytree": 0.8,
    "model_name": "xgboost",
    "target_col": "target_high_count_next_7d",
    "task_type": "regression",
    "n_train_samples": 1236,
    "n_test_samples": 209,
    "n_features": 45,
    "search_type": "random",
    "search_time_seconds": 10.604872941970825,
    "best_cv_score": -4.093365748723348,
    "n_iter": 50
  },
  "metrics": {
    "train_mae": 0.06983231753110886,
    "train_rmse": 0.159294660271276,
    "train_mse": 0.02537478879094124,
    "train_r2": 0.9993162751197815,
    "train_mean_error": 0.00022322811697938246,
    "train_median_abs_error": 0.030410654842853546,
    "train_max_error": 2.3492488861083984,
    "train_mape": 21799272825.422527,
    "test_mae": 6.164531707763672,
    "test_rmse": 9.548451195196568,
    "test_mse": 91.17292022705078,
    "test_r2": 0.02468287944793701,
    "test_mean_error": -3.4360656015013467,
    "test_median_abs_error": 2.3760576248168945,
    "test_max_error": 31.121658325195312,
    "test_mape": 569428180508.9685,
    "test_baseline_mae": 7.236602096591878,
    "test_baseline_rmse": 10.525511766424993,
    "test_mae_improvement": 14.814554876978855,
    "test_rmse_improvement": 9.282784466073373,
    "train_time_seconds": 1.6673939228057861
  },
  "additional_info": {}
}