{
  "run_id": "xgboost_target_next_intensity_20251109_183712",
  "timestamp": "20251109_183712",
  "model_name": "xgboost",
  "target_type": "target_next_intensity",
  "config": {
    "high_intensity_threshold": 7,
    "n_lags": 3,
    "window_days": [
      7
    ],
    "k_days_list": [
      1,
      3,
      7
    ],
    "feature_set": "all",
    "subsample": 1.0,
    "n_estimators": 300,
    "min_child_weight": 3,
    "max_depth": 3,
    "learning_rate": 0.01,
    "colsample_bytree": 0.8,
    "model_name": "xgboost",
    "target_col": "target_next_intensity",
    "task_type": "regression",
    "n_train_samples": 1236,
    "n_test_samples": 209,
    "n_features": 34,
    "search_type": "random",
    "search_time_seconds": 5.111409902572632,
    "best_cv_score": -1.1695963541666667,
    "n_iter": 50
  },
  "metrics": {
    "train_mae": 0.8427873849868774,
    "train_rmse": 1.2478839606752736,
    "train_mse": 1.557214379310608,
    "train_r2": 0.5671326518058777,
    "train_mean_error": -0.0005538768367088343,
    "train_median_abs_error": 0.5323143005371094,
    "train_max_error": 5.441277980804443,
    "train_mape": 23.78299856561664,
    "test_mae": 1.967265009880066,
    "test_rmse": 2.429648935680436,
    "test_mse": 5.903193950653076,
    "test_r2": 0.1468849778175354,
    "test_mean_error": -1.0392575902801953,
    "test_median_abs_error": 1.8606748580932617,
    "test_max_error": 5.706289768218994,
    "test_mape": 39.44968340438314,
    "test_baseline_mae": 2.68385825552407,
    "test_baseline_rmse": 3.2239728261211047,
    "test_mae_improvement": 26.7001151856314,
    "test_rmse_improvement": 24.63804545760867,
    "train_time_seconds": 0.3413200378417969
  },
  "additional_info": {}
}