{
  "run_id": "lightgbm_target_high_count_next_7d_20251109_194455",
  "timestamp": "20251109_194455",
  "model_name": "lightgbm",
  "target_type": "target_high_count_next_7d",
  "config": {
    "high_intensity_threshold": 7,
    "n_lags": 3,
    "window_days": [
      3,
      7,
      14
    ],
    "k_days_list": [
      1,
      3,
      7
    ],
    "feature_set": "all",
    "subsample": 0.8,
    "num_leaves": 127,
    "n_estimators": 50,
    "min_child_samples": 20,
    "max_depth": 3,
    "learning_rate": 0.1,
    "colsample_bytree": 0.8,
    "model_name": "lightgbm",
    "target_col": "target_high_count_next_7d",
    "task_type": "regression",
    "n_train_samples": 1236,
    "n_test_samples": 209,
    "n_features": 52,
    "search_type": "random",
    "search_time_seconds": 106.77789211273193,
    "best_cv_score": -3.95617658594932,
    "n_iter": 50
  },
  "metrics": {
    "train_mae": 0.8974436165297118,
    "train_rmse": 1.601931697653635,
    "train_mse": 2.5661851639474573,
    "train_r2": 0.9308549177751253,
    "train_mean_error": -3.6653127422789087e-10,
    "train_median_abs_error": 0.42641230470962843,
    "train_max_error": 16.487982264546222,
    "train_mape": 282270976161.46124,
    "test_mae": 6.320705134287128,
    "test_rmse": 10.174962259996969,
    "test_mse": 103.52985699236262,
    "test_r2": -0.1075048106251475,
    "test_mean_error": -4.70366696077723,
    "test_median_abs_error": 2.014373787118227,
    "test_max_error": 32.14142727402406,
    "test_mape": 443955378678.17267,
    "test_baseline_mae": 7.236602096591878,
    "test_baseline_rmse": 10.525511766424993,
    "test_mae_improvement": 12.656450500934643,
    "test_rmse_improvement": 3.330474700016308,
    "train_time_seconds": 0.05919909477233887
  },
  "additional_info": {}
}