{
  "run_id": "lightgbm_target_time_to_high_days_20251109_191810",
  "timestamp": "20251109_191810",
  "model_name": "lightgbm",
  "target_type": "target_time_to_high_days",
  "config": {
    "high_intensity_threshold": 7,
    "n_lags": 3,
    "window_days": [
      3,
      7,
      14
    ],
    "k_days_list": [
      1,
      3,
      7
    ],
    "feature_set": "sequence_only",
    "subsample": 0.6,
    "num_leaves": 63,
    "n_estimators": 100,
    "min_child_samples": 5,
    "max_depth": 7,
    "learning_rate": 0.2,
    "colsample_bytree": 1.0,
    "model_name": "lightgbm",
    "target_col": "target_time_to_high_days",
    "task_type": "regression",
    "n_train_samples": 1236,
    "n_test_samples": 209,
    "n_features": 22,
    "search_type": "random",
    "search_time_seconds": 968.7558929920197,
    "best_cv_score": -7.371098373365014,
    "n_iter": 50
  },
  "metrics": {
    "train_mae": 0.1569877096503019,
    "train_rmse": 0.26737018671431456,
    "train_mse": 0.07148681674364743,
    "train_r2": 0.9994170846766653,
    "train_mean_error": 1.5231086346848888e-08,
    "train_median_abs_error": 0.08561451285144628,
    "train_max_error": 2.646840090019296,
    "train_mape": 4094534344.382499,
    "test_mae": 8.887706954553417,
    "test_rmse": 18.468936288193756,
    "test_mse": 341.1016076173602,
    "test_r2": -0.3922385691534509,
    "test_mean_error": 2.60348242005938,
    "test_median_abs_error": 5.315425110486089,
    "test_max_error": 126.37609053961945,
    "test_mape": 309272116811.3354,
    "test_baseline_mae": 7.779687117679656,
    "test_baseline_rmse": 15.843603227545067,
    "test_mae_improvement": -14.242472995549408,
    "test_rmse_improvement": -16.570302998274965,
    "train_time_seconds": 0.7485570907592773
  },
  "additional_info": {}
}