{
  "run_id": "lightgbm_target_next_high_intensity_20251109_183232",
  "timestamp": "20251109_183232",
  "model_name": "lightgbm",
  "target_type": "target_next_high_intensity",
  "config": {
    "high_intensity_threshold": 7,
    "n_lags": 3,
    "window_days": [
      7
    ],
    "k_days_list": [
      1,
      3,
      7
    ],
    "feature_set": "time_window_only",
    "subsample": 1.0,
    "num_leaves": 15,
    "n_estimators": 50,
    "min_child_samples": 5,
    "max_depth": 7,
    "learning_rate": 0.05,
    "colsample_bytree": 0.8,
    "model_name": "lightgbm",
    "target_col": "target_next_high_intensity",
    "task_type": "classification",
    "n_train_samples": 1236,
    "n_test_samples": 209,
    "n_features": 27,
    "search_type": "random",
    "search_time_seconds": 153.17846417427063,
    "best_cv_score": 0.31677836347333016,
    "n_iter": 50
  },
  "metrics": {
    "train_accuracy": 0.9288025889967637,
    "train_precision": 0.9512195121951219,
    "train_recall": 0.5879396984924623,
    "train_f1": 0.7267080745341615,
    "train_true_positives": 117,
    "train_true_negatives": 1031,
    "train_false_positives": 6,
    "train_false_negatives": 82,
    "train_specificity": 0.9942140790742526,
    "train_baseline_accuracy": 0.8389967637540453,
    "train_accuracy_improvement": 10.70395371263259,
    "test_accuracy": 0.5741626794258373,
    "test_precision": 0.6666666666666666,
    "test_recall": 0.22,
    "test_f1": 0.3308270676691729,
    "test_true_positives": 22,
    "test_true_negatives": 98,
    "test_false_positives": 11,
    "test_false_negatives": 78,
    "test_specificity": 0.8990825688073395,
    "test_roc_auc": 0.7352293577981651,
    "test_pr_auc": 0.6714863822021343,
    "test_baseline_accuracy": 0.5215311004784688,
    "test_accuracy_improvement": 10.091743119266066,
    "train_time_seconds": 0.14190316200256348
  },
  "additional_info": {}
}