{
  "run_id": "lightgbm_target_next_intensity_20251109_183912",
  "timestamp": "20251109_183912",
  "model_name": "lightgbm",
  "target_type": "target_next_intensity",
  "config": {
    "high_intensity_threshold": 7,
    "n_lags": 3,
    "window_days": [
      7
    ],
    "k_days_list": [
      1,
      3,
      7
    ],
    "feature_set": "all",
    "subsample": 0.8,
    "num_leaves": 127,
    "n_estimators": 50,
    "min_child_samples": 20,
    "max_depth": 3,
    "learning_rate": 0.1,
    "colsample_bytree": 0.8,
    "model_name": "lightgbm",
    "target_col": "target_next_intensity",
    "task_type": "regression",
    "n_train_samples": 1236,
    "n_test_samples": 209,
    "n_features": 34,
    "search_type": "random",
    "search_time_seconds": 103.9381320476532,
    "best_cv_score": -1.1224026974700905,
    "n_iter": 50
  },
  "metrics": {
    "train_mae": 0.7819569689610504,
    "train_rmse": 1.1955963324746042,
    "train_mse": 1.4294505902267243,
    "train_r2": 0.6026478518782077,
    "train_mean_error": -2.290452760932926e-10,
    "train_median_abs_error": 0.45374613775424644,
    "train_max_error": 5.4858155503906,
    "train_mape": 22.01085918072272,
    "test_mae": 1.996244479260335,
    "test_rmse": 2.46704072312557,
    "test_mse": 6.0862899295599355,
    "test_r2": 0.12042444297475785,
    "test_mean_error": -1.0897746967269142,
    "test_median_abs_error": 1.7271738223159696,
    "test_max_error": 6.074416051175728,
    "test_mape": 39.738364883466055,
    "test_baseline_mae": 2.68385825552407,
    "test_baseline_rmse": 3.2239728261211047,
    "test_mae_improvement": 25.62034618812112,
    "test_rmse_improvement": 23.478240786112057,
    "train_time_seconds": 0.10553121566772461
  },
  "additional_info": {}
}