{
  "run_id": "lightgbm_target_next_intensity_20251109_182959",
  "timestamp": "20251109_182959",
  "model_name": "lightgbm",
  "target_type": "target_next_intensity",
  "config": {
    "high_intensity_threshold": 7,
    "n_lags": 3,
    "window_days": [
      7
    ],
    "k_days_list": [
      1,
      3,
      7
    ],
    "feature_set": "time_window_only",
    "subsample": 0.8,
    "num_leaves": 127,
    "n_estimators": 50,
    "min_child_samples": 20,
    "max_depth": 3,
    "learning_rate": 0.1,
    "colsample_bytree": 0.8,
    "model_name": "lightgbm",
    "target_col": "target_next_intensity",
    "task_type": "regression",
    "n_train_samples": 1236,
    "n_test_samples": 209,
    "n_features": 27,
    "search_type": "random",
    "search_time_seconds": 117.47944903373718,
    "best_cv_score": -1.253314651656498,
    "n_iter": 50
  },
  "metrics": {
    "train_mae": 0.8145469925688065,
    "train_rmse": 1.2330899287200243,
    "train_mse": 1.5205107723107545,
    "train_r2": 0.5773353582482516,
    "train_mean_error": -6.80227280471977e-11,
    "train_median_abs_error": 0.4948297177555816,
    "train_max_error": 5.36321898595112,
    "train_mape": 22.998946575079625,
    "test_mae": 2.0079300476530033,
    "test_rmse": 2.540426505534105,
    "test_mse": 6.453766830020224,
    "test_r2": 0.0673175908272069,
    "test_mean_error": -1.104615484207991,
    "test_median_abs_error": 1.617151317109169,
    "test_max_error": 6.222835571033235,
    "test_mape": 39.94016588511054,
    "test_baseline_mae": 2.68385825552407,
    "test_baseline_rmse": 3.2239728261211047,
    "test_mae_improvement": 25.184944341968613,
    "test_rmse_improvement": 21.20198765475957,
    "train_time_seconds": 0.049987077713012695
  },
  "additional_info": {}
}