{
  "run_id": "random_forest_target_next_intensity_20251109_181403",
  "timestamp": "20251109_181403",
  "model_name": "random_forest",
  "target_type": "target_next_intensity",
  "config": {
    "high_intensity_threshold": 7,
    "n_lags": 3,
    "window_days": [
      7
    ],
    "k_days_list": [
      1,
      3,
      7
    ],
    "feature_set": "sequence_only",
    "n_estimators": 100,
    "min_samples_split": 2,
    "min_samples_leaf": 4,
    "max_features": 1.0,
    "max_depth": 5,
    "model_name": "random_forest",
    "target_col": "target_next_intensity",
    "task_type": "regression",
    "n_train_samples": 1236,
    "n_test_samples": 209,
    "n_features": 22,
    "search_type": "random",
    "search_time_seconds": 15.446049928665161,
    "best_cv_score": -1.1375048454966672,
    "n_iter": 50
  },
  "metrics": {
    "train_mae": 0.7884280517912415,
    "train_rmse": 1.2065912167508535,
    "train_mse": 1.4558623643403048,
    "train_r2": 0.595306027507717,
    "train_mean_error": -0.006659055664032304,
    "train_median_abs_error": 0.4325464397041401,
    "train_max_error": 5.405361229311858,
    "train_mape": 22.346314057012258,
    "test_mae": 2.0301734336865693,
    "test_rmse": 2.4830194126160503,
    "test_mse": 6.165385403428155,
    "test_r2": 0.10899376085297374,
    "test_mean_error": -1.0754806695916248,
    "test_median_abs_error": 1.7685952559521514,
    "test_max_error": 5.816158941964414,
    "test_mape": 40.64927323044569,
    "test_baseline_mae": 2.68385825552407,
    "test_baseline_rmse": 3.2239728261211047,
    "test_mae_improvement": 24.356160407951855,
    "test_rmse_improvement": 22.982619689029022,
    "train_time_seconds": 0.08825182914733887
  },
  "additional_info": {}
}