{
  "run_id": "random_forest_target_next_intensity_20251109_182708",
  "timestamp": "20251109_182708",
  "model_name": "random_forest",
  "target_type": "target_next_intensity",
  "config": {
    "high_intensity_threshold": 7,
    "n_lags": 3,
    "window_days": [
      7
    ],
    "k_days_list": [
      1,
      3,
      7
    ],
    "feature_set": "time_window_only",
    "n_estimators": 100,
    "min_samples_split": 5,
    "min_samples_leaf": 4,
    "max_features": 0.5,
    "max_depth": 5,
    "model_name": "random_forest",
    "target_col": "target_next_intensity",
    "task_type": "regression",
    "n_train_samples": 1236,
    "n_test_samples": 209,
    "n_features": 27,
    "search_type": "random",
    "search_time_seconds": 11.973841905593872,
    "best_cv_score": -1.3084976645364967,
    "n_iter": 50
  },
  "metrics": {
    "train_mae": 0.8240527157301647,
    "train_rmse": 1.2584139485088912,
    "train_mse": 1.5836056658017386,
    "train_r2": 0.559796527850356,
    "train_mean_error": -0.00568715099576437,
    "train_median_abs_error": 0.5233968970475926,
    "train_max_error": 5.022613323675132,
    "train_mape": 23.334656883487558,
    "test_mae": 1.9910705303296268,
    "test_rmse": 2.449558306286857,
    "test_mse": 6.000335895898934,
    "test_r2": 0.13284630718282853,
    "test_mean_error": -1.1041667785782963,
    "test_median_abs_error": 1.734292695523365,
    "test_max_error": 5.563674880659556,
    "test_mape": 39.253708259717854,
    "test_baseline_mae": 2.68385825552407,
    "test_baseline_rmse": 3.2239728261211047,
    "test_mae_improvement": 25.813126448407186,
    "test_rmse_improvement": 24.020503943452216,
    "train_time_seconds": 0.10681319236755371
  },
  "additional_info": {}
}