{
  "run_id": "random_forest_target_next_intensity_20251109_183617",
  "timestamp": "20251109_183617",
  "model_name": "random_forest",
  "target_type": "target_next_intensity",
  "config": {
    "high_intensity_threshold": 7,
    "n_lags": 3,
    "window_days": [
      7
    ],
    "k_days_list": [
      1,
      3,
      7
    ],
    "feature_set": "all",
    "n_estimators": 100,
    "min_samples_split": 2,
    "min_samples_leaf": 4,
    "max_features": 1.0,
    "max_depth": 5,
    "model_name": "random_forest",
    "target_col": "target_next_intensity",
    "task_type": "regression",
    "n_train_samples": 1236,
    "n_test_samples": 209,
    "n_features": 34,
    "search_type": "random",
    "search_time_seconds": 16.374348878860474,
    "best_cv_score": -1.164275315488914,
    "n_iter": 50
  },
  "metrics": {
    "train_mae": 0.7728058325188638,
    "train_rmse": 1.1891451114415954,
    "train_mse": 1.414066096065444,
    "train_r2": 0.6069243633187201,
    "train_mean_error": -0.0060608623305293905,
    "train_median_abs_error": 0.4450785487310238,
    "train_max_error": 4.952965050064311,
    "train_mape": 21.6885045748149,
    "test_mae": 1.9897551831640594,
    "test_rmse": 2.445864549690618,
    "test_mse": 5.9822533954332915,
    "test_r2": 0.1354595453958538,
    "test_mean_error": -1.033288980352737,
    "test_median_abs_error": 1.7948233428082068,
    "test_max_error": 5.651598943204534,
    "test_mape": 39.767041235216695,
    "test_baseline_mae": 2.68385825552407,
    "test_baseline_rmse": 3.2239728261211047,
    "test_mae_improvement": 25.862136010028408,
    "test_rmse_improvement": 24.135075523160065,
    "train_time_seconds": 0.14651894569396973
  },
  "additional_info": {}
}