{
  "run_id": "random_forest_target_next_intensity_20251108_232803",
  "timestamp": "20251108_232803",
  "model_name": "random_forest",
  "target_type": "target_next_intensity",
  "config": {
    "high_intensity_threshold": 7,
    "n_lags": 3,
    "window_days": [
      7
    ],
    "k_days_list": [
      7
    ],
    "feature_set": "all",
    "n_estimators": 100,
    "min_samples_split": 5,
    "min_samples_leaf": 4,
    "max_features": 0.5,
    "max_depth": 5,
    "model_name": "random_forest",
    "target_col": "target_next_intensity",
    "task_type": "regression",
    "n_train_samples": 1236,
    "n_test_samples": 209,
    "n_features": 34,
    "search_type": "random",
    "search_time_seconds": 8.464569091796875,
    "best_cv_score": -1.1830440388390382,
    "n_iter": 20
  },
  "metrics": {
    "train_mae": 0.7965518073996738,
    "train_rmse": 1.2177399746814659,
    "train_mse": 1.4828906459372173,
    "train_r2": 0.5877928292020167,
    "train_mean_error": -0.007144822759977513,
    "train_median_abs_error": 0.46768327338301185,
    "train_max_error": 5.152746909160964,
    "train_mape": 22.345260829843873,
    "test_mae": 1.937690779852004,
    "test_rmse": 2.3771792309330917,
    "test_mse": 5.6509810959796445,
    "test_r2": 0.1833341982124741,
    "test_mean_error": -0.9863713833481047,
    "test_median_abs_error": 1.7719605643031882,
    "test_max_error": 5.634493059443955,
    "test_mape": 39.00378961190025,
    "test_baseline_mae": 2.68385825552407,
    "test_baseline_rmse": 3.2239728261211047,
    "test_mae_improvement": 27.802044841088826,
    "test_rmse_improvement": 26.265531406690716,
    "train_time_seconds": 0.15079903602600098
  },
  "additional_info": {}
}