{
  "run_id": "random_forest_target_next_high_intensity_20251109_192156",
  "timestamp": "20251109_192156",
  "model_name": "random_forest",
  "target_type": "target_next_high_intensity",
  "config": {
    "high_intensity_threshold": 7,
    "n_lags": 3,
    "window_days": [
      3,
      7,
      14
    ],
    "k_days_list": [
      1,
      3,
      7
    ],
    "feature_set": "time_window_only",
    "n_estimators": 200,
    "min_samples_split": 5,
    "min_samples_leaf": 4,
    "max_features": 0.5,
    "max_depth": 15,
    "model_name": "random_forest",
    "target_col": "target_next_high_intensity",
    "task_type": "classification",
    "n_train_samples": 1236,
    "n_test_samples": 209,
    "n_features": 45,
    "search_type": "random",
    "search_time_seconds": 19.275848150253296,
    "best_cv_score": 0.3604618294883781,
    "n_iter": 50
  },
  "metrics": {
    "train_accuracy": 0.9563106796116505,
    "train_precision": 0.9865771812080537,
    "train_recall": 0.7386934673366834,
    "train_f1": 0.8448275862068966,
    "train_true_positives": 147,
    "train_true_negatives": 1035,
    "train_false_positives": 2,
    "train_false_negatives": 52,
    "train_specificity": 0.9980713596914176,
    "train_baseline_accuracy": 0.8389967637540453,
    "train_accuracy_improvement": 13.98264223722276,
    "test_accuracy": 0.5789473684210527,
    "test_precision": 0.6666666666666666,
    "test_recall": 0.24,
    "test_f1": 0.35294117647058826,
    "test_true_positives": 24,
    "test_true_negatives": 97,
    "test_false_positives": 12,
    "test_false_negatives": 76,
    "test_specificity": 0.8899082568807339,
    "test_roc_auc": 0.7240366972477064,
    "test_pr_auc": 0.6482554193327965,
    "test_baseline_accuracy": 0.5215311004784688,
    "test_accuracy_improvement": 11.009174311926621,
    "train_time_seconds": 0.5308742523193359
  },
  "additional_info": {}
}