{
  "run_id": "xgboost_target_next_high_intensity_20251109_193833",
  "timestamp": "20251109_193833",
  "model_name": "xgboost",
  "target_type": "target_next_high_intensity",
  "config": {
    "high_intensity_threshold": 7,
    "n_lags": 3,
    "window_days": [
      3,
      7,
      14
    ],
    "k_days_list": [
      1,
      3,
      7
    ],
    "feature_set": "all",
    "subsample": 0.8,
    "n_estimators": 200,
    "min_child_weight": 5,
    "max_depth": 3,
    "learning_rate": 0.2,
    "colsample_bytree": 1.0,
    "model_name": "xgboost",
    "target_col": "target_next_high_intensity",
    "task_type": "classification",
    "n_train_samples": 1236,
    "n_test_samples": 209,
    "n_features": 52,
    "search_type": "random",
    "search_time_seconds": 3.784118890762329,
    "best_cv_score": 0.3895113988842292,
    "n_iter": 50
  },
  "metrics": {
    "train_accuracy": 0.988673139158576,
    "train_precision": 0.9894179894179894,
    "train_recall": 0.9396984924623115,
    "train_f1": 0.9639175257731959,
    "train_true_positives": 187,
    "train_true_negatives": 1035,
    "train_false_positives": 2,
    "train_false_negatives": 12,
    "train_specificity": 0.9980713596914176,
    "train_baseline_accuracy": 0.8389967637540453,
    "train_accuracy_improvement": 17.839922854387652,
    "test_accuracy": 0.5598086124401914,
    "test_precision": 0.6818181818181818,
    "test_recall": 0.15,
    "test_f1": 0.2459016393442623,
    "test_true_positives": 15,
    "test_true_negatives": 102,
    "test_false_positives": 7,
    "test_false_negatives": 85,
    "test_specificity": 0.9357798165137615,
    "test_roc_auc": 0.7035779816513761,
    "test_pr_auc": 0.6571677617080448,
    "test_baseline_accuracy": 0.5215311004784688,
    "test_accuracy_improvement": 7.339449541284422,
    "train_time_seconds": 0.32357287406921387
  },
  "additional_info": {}
}