{
  "run_id": "xgboost_target_high_count_next_7d_20251109_183722",
  "timestamp": "20251109_183722",
  "model_name": "xgboost",
  "target_type": "target_high_count_next_7d",
  "config": {
    "high_intensity_threshold": 7,
    "n_lags": 3,
    "window_days": [
      7
    ],
    "k_days_list": [
      1,
      3,
      7
    ],
    "feature_set": "all",
    "subsample": 0.6,
    "n_estimators": 300,
    "min_child_weight": 5,
    "max_depth": 10,
    "learning_rate": 0.05,
    "colsample_bytree": 0.8,
    "model_name": "xgboost",
    "target_col": "target_high_count_next_7d",
    "task_type": "regression",
    "n_train_samples": 1236,
    "n_test_samples": 209,
    "n_features": 34,
    "search_type": "random",
    "search_time_seconds": 5.78258204460144,
    "best_cv_score": -4.033395528793335,
    "n_iter": 50
  },
  "metrics": {
    "train_mae": 0.07833398878574371,
    "train_rmse": 0.2072007816683586,
    "train_mse": 0.042932163923978806,
    "train_r2": 0.9988431930541992,
    "train_mean_error": 0.0009279509075833665,
    "train_median_abs_error": 0.0350071769207716,
    "train_max_error": 4.141749382019043,
    "train_mape": 25372157594.283237,
    "test_mae": 5.993231296539307,
    "test_rmse": 9.289381170942578,
    "test_mse": 86.2926025390625,
    "test_r2": 0.0768897533416748,
    "test_mean_error": -3.711525980543577,
    "test_median_abs_error": 2.746673583984375,
    "test_max_error": 30.53194808959961,
    "test_mape": 543949857603.6843,
    "test_baseline_mae": 7.236602096591878,
    "test_baseline_rmse": 10.525511766424993,
    "test_mae_improvement": 17.181693610570967,
    "test_rmse_improvement": 11.744137700035735,
    "train_time_seconds": 1.1471400260925293
  },
  "additional_info": {}
}