{
  "run_id": "xgboost_target_next_intensity_20251109_181446",
  "timestamp": "20251109_181446",
  "model_name": "xgboost",
  "target_type": "target_next_intensity",
  "config": {
    "high_intensity_threshold": 7,
    "n_lags": 3,
    "window_days": [
      7
    ],
    "k_days_list": [
      1,
      3,
      7
    ],
    "feature_set": "sequence_only",
    "subsample": 0.8,
    "n_estimators": 100,
    "min_child_weight": 3,
    "max_depth": 3,
    "learning_rate": 0.05,
    "colsample_bytree": 0.8,
    "model_name": "xgboost",
    "target_col": "target_next_intensity",
    "task_type": "regression",
    "n_train_samples": 1236,
    "n_test_samples": 209,
    "n_features": 22,
    "search_type": "random",
    "search_time_seconds": 3.6791300773620605,
    "best_cv_score": -1.1186210711797078,
    "n_iter": 50
  },
  "metrics": {
    "train_mae": 0.7695059776306152,
    "train_rmse": 1.170602030775693,
    "train_mse": 1.3703091144561768,
    "train_r2": 0.6190876960754395,
    "train_mean_error": 0.0027340080552888148,
    "train_median_abs_error": 0.4324309825897217,
    "train_max_error": 4.746636867523193,
    "train_mape": 21.68136150176136,
    "test_mae": 2.0157034397125244,
    "test_rmse": 2.4697954885473865,
    "test_mse": 6.099889755249023,
    "test_r2": 0.11845904588699341,
    "test_mean_error": -1.1058229510293622,
    "test_median_abs_error": 1.8575525283813477,
    "test_max_error": 5.473052501678467,
    "test_mape": 40.498854100494924,
    "test_baseline_mae": 2.68385825552407,
    "test_baseline_rmse": 3.2239728261211047,
    "test_mae_improvement": 24.895309371734196,
    "test_rmse_improvement": 23.3927944883177,
    "train_time_seconds": 0.11451101303100586
  },
  "additional_info": {}
}