validation_type,threshold,threshold_type,test_precision,test_recall,test_f1,test_accuracy,cal_precision,cal_recall,cal_f1
temporal,0.0198989898989899,calibrated,0.2755741127348643,0.9565217391304348,0.42787682333873583,0.5731559854897219,0.3767123287671233,0.9821428571428571,0.5445544554455446
temporal,0.5,default,0.3191489361702128,0.32608695652173914,0.3225806451612903,0.7714631197097944,,,
