{
  "run_id": "lightgbm_target_high_count_next_7d_20251124_015157",
  "timestamp": "20251124_015157",
  "model_name": "lightgbm",
  "target_type": "target_high_count_next_7d",
  "config": {
    "high_intensity_threshold": 7,
    "n_lags": 3,
    "window_days": [
      7
    ],
    "k_days_list": [
      1,
      3,
      7
    ],
    "feature_set": "time_window_only",
    "subsample": 1.0,
    "num_leaves": 63,
    "n_estimators": 300,
    "min_child_samples": 20,
    "max_depth": 3,
    "learning_rate": 0.05,
    "colsample_bytree": 0.6,
    "model_name": "lightgbm",
    "target_col": "target_high_count_next_7d",
    "task_type": "regression",
    "n_train_samples": 1236,
    "n_test_samples": 209,
    "n_features": 27,
    "search_type": "random",
    "search_time_seconds": 97.61863112449646,
    "best_cv_score": -4.002914372344855,
    "n_iter": 50
  },
  "metrics": {
    "train_mae": 0.6365453232037129,
    "train_rmse": 1.118139488570594,
    "train_mse": 1.2502359159009093,
    "train_r2": 0.966312771806193,
    "train_mean_error": 1.6998182221726022e-10,
    "train_median_abs_error": 0.2880414982596676,
    "train_max_error": 11.554338013192249,
    "train_mape": 217154494615.26517,
    "test_mae": 6.443036800076766,
    "test_rmse": 10.046250267277632,
    "test_mse": 100.92714443277589,
    "test_r2": -0.07966243969799125,
    "test_mean_error": -4.537463955744157,
    "test_median_abs_error": 2.685661539116394,
    "test_max_error": 32.70863064962651,
    "test_mape": 531125583286.07587,
    "test_baseline_mae": 7.236602096591878,
    "test_baseline_rmse": 10.525511766424993,
    "test_mae_improvement": 10.965993237196868,
    "test_rmse_improvement": 4.553332035370883,
    "train_time_seconds": 0.5239779949188232
  },
  "additional_info": {}
}