{
  "run_id": "lightgbm_target_time_to_high_days_20251124_212313",
  "timestamp": "20251124_212313",
  "model_name": "lightgbm",
  "target_type": "target_time_to_high_days",
  "config": {
    "high_intensity_threshold": 7,
    "n_lags": 3,
    "window_days": [
      7
    ],
    "k_days_list": [
      1,
      3,
      7
    ],
    "feature_set": "sequence_only",
    "subsample": 0.6,
    "num_leaves": 63,
    "n_estimators": 100,
    "min_child_samples": 5,
    "max_depth": 7,
    "learning_rate": 0.2,
    "colsample_bytree": 1.0,
    "model_name": "lightgbm",
    "target_col": "target_time_to_high_days",
    "task_type": "regression",
    "n_train_samples": 1236,
    "n_test_samples": 209,
    "n_features": 22,
    "search_type": "random",
    "search_time_seconds": 66.58646202087402,
    "best_cv_score": -7.3851318028330235,
    "n_iter": 50
  },
  "metrics": {
    "train_mae": 0.20291229380765075,
    "train_rmse": 0.3578683997082737,
    "train_mse": 0.12806979150976075,
    "train_r2": 0.9989556977450119,
    "train_mean_error": 1.532685196163264e-08,
    "train_median_abs_error": 0.11335968523619044,
    "train_max_error": 4.268059154353736,
    "train_mape": 5393432262.355453,
    "test_mae": 8.025129543737537,
    "test_rmse": 18.561651084053555,
    "test_mse": 344.53489096614646,
    "test_r2": -0.4062518408304774,
    "test_mean_error": 1.0000812129754388,
    "test_median_abs_error": 3.8206879768448667,
    "test_max_error": 123.01708620340158,
    "test_mape": 242625381322.06622,
    "test_baseline_mae": 7.779687117679656,
    "test_baseline_rmse": 15.843603227545067,
    "test_mae_improvement": -3.1549138460864614,
    "test_rmse_improvement": -17.155490562796956,
    "train_time_seconds": 0.28923797607421875
  },
  "additional_info": {}
}