{
  "run_id": "lightgbm_target_time_to_high_days_20251124_213536",
  "timestamp": "20251124_213536",
  "model_name": "lightgbm",
  "target_type": "target_time_to_high_days",
  "config": {
    "high_intensity_threshold": 7,
    "n_lags": 3,
    "window_days": [
      7
    ],
    "k_days_list": [
      1,
      3,
      7
    ],
    "feature_set": "all",
    "subsample": 0.8,
    "num_leaves": 15,
    "n_estimators": 300,
    "min_child_samples": 5,
    "max_depth": 10,
    "learning_rate": 0.05,
    "colsample_bytree": 1.0,
    "model_name": "lightgbm",
    "target_col": "target_time_to_high_days",
    "task_type": "regression",
    "n_train_samples": 1236,
    "n_test_samples": 209,
    "n_features": 34,
    "search_type": "random",
    "search_time_seconds": 80.1891508102417,
    "best_cv_score": -7.77051372509835,
    "n_iter": 50
  },
  "metrics": {
    "train_mae": 0.3853323922149933,
    "train_rmse": 0.7013721798828773,
    "train_mse": 0.49192293471365917,
    "train_r2": 0.9959887790559675,
    "train_mean_error": 1.5253224406662837e-08,
    "train_median_abs_error": 0.22880989029693533,
    "train_max_error": 9.76183411092179,
    "train_mape": 15213594857.320065,
    "test_mae": 8.465643203315857,
    "test_rmse": 16.438667553022288,
    "test_mse": 270.2297909187877,
    "test_r2": -0.10296852623881181,
    "test_mean_error": 2.59542803770906,
    "test_median_abs_error": 5.66931252909957,
    "test_max_error": 116.0655073176313,
    "test_mape": 259338094323.51157,
    "test_baseline_mae": 7.779687117679656,
    "test_baseline_rmse": 15.843603227545067,
    "test_mae_improvement": -8.817270865268313,
    "test_rmse_improvement": -3.7558648555567555,
    "train_time_seconds": 0.6839821338653564
  },
  "additional_info": {}
}