{
  "run_id": "lightgbm_target_high_count_next_7d_20251124_213415",
  "timestamp": "20251124_213415",
  "model_name": "lightgbm",
  "target_type": "target_high_count_next_7d",
  "config": {
    "high_intensity_threshold": 7,
    "n_lags": 3,
    "window_days": [
      7
    ],
    "k_days_list": [
      1,
      3,
      7
    ],
    "feature_set": "all",
    "subsample": 1.0,
    "num_leaves": 31,
    "n_estimators": 50,
    "min_child_samples": 20,
    "max_depth": 5,
    "learning_rate": 0.1,
    "colsample_bytree": 0.6,
    "model_name": "lightgbm",
    "target_col": "target_high_count_next_7d",
    "task_type": "regression",
    "n_train_samples": 1236,
    "n_test_samples": 209,
    "n_features": 34,
    "search_type": "random",
    "search_time_seconds": 71.19626379013062,
    "best_cv_score": -3.760270577564101,
    "n_iter": 50
  },
  "metrics": {
    "train_mae": 0.552041147711557,
    "train_rmse": 1.0507647743387707,
    "train_mse": 1.1041066109912077,
    "train_r2": 0.9702501816803513,
    "train_mean_error": 1.1196125939342104e-10,
    "train_median_abs_error": 0.2265183712250538,
    "train_max_error": 11.777481369327482,
    "train_mape": 173532910893.68738,
    "test_mae": 6.193423919331385,
    "test_rmse": 9.80239197399782,
    "test_mse": 96.08688841189685,
    "test_r2": -0.027884073693136058,
    "test_mean_error": -4.277844571215233,
    "test_median_abs_error": 2.712220871842383,
    "test_max_error": 31.8722035645664,
    "test_mape": 444056545711.72723,
    "test_baseline_mae": 7.236602096591878,
    "test_baseline_rmse": 10.525511766424993,
    "test_mae_improvement": 14.415303803311003,
    "test_rmse_improvement": 6.870162786134835,
    "train_time_seconds": 0.09053516387939453
  },
  "additional_info": {}
}