{
  "run_id": "lightgbm_target_time_to_high_days_20251124_214757",
  "timestamp": "20251124_214757",
  "model_name": "lightgbm",
  "target_type": "target_time_to_high_days",
  "config": {
    "high_intensity_threshold": 7,
    "n_lags": 3,
    "window_days": [
      3,
      7,
      14
    ],
    "k_days_list": [
      1,
      3,
      7
    ],
    "feature_set": "time_window_only",
    "subsample": 1.0,
    "num_leaves": 127,
    "n_estimators": 50,
    "min_child_samples": 5,
    "max_depth": 3,
    "learning_rate": 0.2,
    "colsample_bytree": 0.8,
    "model_name": "lightgbm",
    "target_col": "target_time_to_high_days",
    "task_type": "regression",
    "n_train_samples": 1236,
    "n_test_samples": 209,
    "n_features": 45,
    "search_type": "random",
    "search_time_seconds": 74.56403136253357,
    "best_cv_score": -8.639390895686715,
    "n_iter": 50
  },
  "metrics": {
    "train_mae": 1.6094073719272235,
    "train_rmse": 3.3661025008841787,
    "train_mse": 11.330646046458721,
    "train_r2": 0.9076080387318592,
    "train_mean_error": 1.2964667567481041e-08,
    "train_median_abs_error": 0.642025186583678,
    "train_max_error": 39.93398609131874,
    "train_mape": 80404300955.14381,
    "test_mae": 9.237944619098336,
    "test_rmse": 17.180636420933375,
    "test_mse": 295.1742678283024,
    "test_r2": -0.2047817750339973,
    "test_mean_error": 2.6992972456382707,
    "test_median_abs_error": 5.804285922704646,
    "test_max_error": 118.0211228916049,
    "test_mape": 283419009092.4953,
    "test_baseline_mae": 7.779687117679656,
    "test_baseline_rmse": 15.843603227545067,
    "test_mae_improvement": -18.744423514214727,
    "test_rmse_improvement": -8.438946457986239,
    "train_time_seconds": 0.042520761489868164
  },
  "additional_info": {}
}