{
  "run_id": "lightgbm_target_next_intensity_20251124_213146",
  "timestamp": "20251124_213146",
  "model_name": "lightgbm",
  "target_type": "target_next_intensity",
  "config": {
    "high_intensity_threshold": 7,
    "n_lags": 3,
    "window_days": [
      7
    ],
    "k_days_list": [
      1,
      3,
      7
    ],
    "feature_set": "all",
    "subsample": 0.8,
    "num_leaves": 127,
    "n_estimators": 50,
    "min_child_samples": 20,
    "max_depth": 3,
    "learning_rate": 0.1,
    "colsample_bytree": 0.8,
    "model_name": "lightgbm",
    "target_col": "target_next_intensity",
    "task_type": "regression",
    "n_train_samples": 1236,
    "n_test_samples": 209,
    "n_features": 34,
    "search_type": "random",
    "search_time_seconds": 75.27322101593018,
    "best_cv_score": -1.1224044440765022,
    "n_iter": 50
  },
  "metrics": {
    "train_mae": 0.7830480112254078,
    "train_rmse": 1.1925373240942745,
    "train_mse": 1.4221452693579328,
    "train_r2": 0.6046785516168205,
    "train_mean_error": -2.6130417211518094e-10,
    "train_median_abs_error": 0.4584667311868773,
    "train_max_error": 5.53631721036311,
    "train_mape": 21.986557915457258,
    "test_mae": 2.0055661235880664,
    "test_rmse": 2.4831272164864324,
    "test_mse": 6.1659207732556585,
    "test_r2": 0.1089163905305458,
    "test_mean_error": -1.0890761052687623,
    "test_median_abs_error": 1.7612835732950174,
    "test_max_error": 6.1944082777490115,
    "test_mape": 40.070692211561685,
    "test_baseline_mae": 2.68385825552407,
    "test_baseline_rmse": 3.2239728261211047,
    "test_mae_improvement": 25.27302366061636,
    "test_rmse_improvement": 22.97927586833957,
    "train_time_seconds": 0.0427701473236084
  },
  "additional_info": {}
}