{
  "run_id": "lightgbm_target_next_intensity_20251124_013143",
  "timestamp": "20251124_013143",
  "model_name": "lightgbm",
  "target_type": "target_next_intensity",
  "config": {
    "high_intensity_threshold": 7,
    "n_lags": 3,
    "window_days": [
      7
    ],
    "k_days_list": [
      1,
      3,
      7
    ],
    "feature_set": "time_window_only",
    "subsample": 0.8,
    "num_leaves": 127,
    "n_estimators": 50,
    "min_child_samples": 20,
    "max_depth": 3,
    "learning_rate": 0.1,
    "colsample_bytree": 0.8,
    "model_name": "lightgbm",
    "target_col": "target_next_intensity",
    "task_type": "regression",
    "n_train_samples": 1236,
    "n_test_samples": 209,
    "n_features": 27,
    "search_type": "random",
    "search_time_seconds": 81.06001472473145,
    "best_cv_score": -1.2655289780571939,
    "n_iter": 50
  },
  "metrics": {
    "train_mae": 0.8127245755604536,
    "train_rmse": 1.2375782948542067,
    "train_mse": 1.5316000358942456,
    "train_r2": 0.5742528153914956,
    "train_mean_error": -6.184231350674917e-10,
    "train_median_abs_error": 0.4968831936312641,
    "train_max_error": 5.385348234491252,
    "train_mape": 22.959168497615867,
    "test_mae": 1.994736779661508,
    "test_rmse": 2.534083611417734,
    "test_mse": 6.421579749655945,
    "test_r2": 0.07196918801828489,
    "test_mean_error": -1.1066738012681798,
    "test_median_abs_error": 1.6240855536056884,
    "test_max_error": 5.994516904381657,
    "test_mape": 39.48032926510024,
    "test_baseline_mae": 2.68385825552407,
    "test_baseline_rmse": 3.2239728261211047,
    "test_mae_improvement": 25.676522761370613,
    "test_rmse_improvement": 21.398729204966806,
    "train_time_seconds": 0.05135631561279297
  },
  "additional_info": {}
}