{
  "run_id": "lightgbm_target_next_high_intensity_20251124_015019",
  "timestamp": "20251124_015019",
  "model_name": "lightgbm",
  "target_type": "target_next_high_intensity",
  "config": {
    "high_intensity_threshold": 7,
    "n_lags": 3,
    "window_days": [
      7
    ],
    "k_days_list": [
      1,
      3,
      7
    ],
    "feature_set": "time_window_only",
    "subsample": 1.0,
    "num_leaves": 15,
    "n_estimators": 50,
    "min_child_samples": 5,
    "max_depth": 7,
    "learning_rate": 0.05,
    "colsample_bytree": 0.8,
    "model_name": "lightgbm",
    "target_col": "target_next_high_intensity",
    "task_type": "classification",
    "n_train_samples": 1236,
    "n_test_samples": 209,
    "n_features": 27,
    "search_type": "random",
    "search_time_seconds": 1115.8748960494995,
    "best_cv_score": 0.31530560942325647,
    "n_iter": 50
  },
  "metrics": {
    "train_accuracy": 0.9271844660194175,
    "train_precision": 0.943089430894309,
    "train_recall": 0.5829145728643216,
    "train_f1": 0.7204968944099379,
    "train_true_positives": 116,
    "train_true_negatives": 1030,
    "train_false_positives": 7,
    "train_false_negatives": 83,
    "train_specificity": 0.9932497589199615,
    "train_baseline_accuracy": 0.8389967637540453,
    "train_accuracy_improvement": 10.511089681774353,
    "test_accuracy": 0.5645933014354066,
    "test_precision": 0.6666666666666666,
    "test_recall": 0.18,
    "test_f1": 0.28346456692913385,
    "test_true_positives": 18,
    "test_true_negatives": 100,
    "test_false_positives": 9,
    "test_false_negatives": 82,
    "test_specificity": 0.9174311926605505,
    "test_roc_auc": 0.7314220183486239,
    "test_pr_auc": 0.6685465737488165,
    "test_baseline_accuracy": 0.5215311004784688,
    "test_accuracy_improvement": 8.256880733944955,
    "train_time_seconds": 0.1952660083770752
  },
  "additional_info": {}
}