{
  "run_id": "lightgbm_target_time_to_high_days_20251124_015331",
  "timestamp": "20251124_015331",
  "model_name": "lightgbm",
  "target_type": "target_time_to_high_days",
  "config": {
    "high_intensity_threshold": 7,
    "n_lags": 3,
    "window_days": [
      7
    ],
    "k_days_list": [
      1,
      3,
      7
    ],
    "feature_set": "time_window_only",
    "subsample": 1.0,
    "num_leaves": 15,
    "n_estimators": 50,
    "min_child_samples": 5,
    "max_depth": 7,
    "learning_rate": 0.05,
    "colsample_bytree": 0.8,
    "model_name": "lightgbm",
    "target_col": "target_time_to_high_days",
    "task_type": "regression",
    "n_train_samples": 1236,
    "n_test_samples": 209,
    "n_features": 27,
    "search_type": "random",
    "search_time_seconds": 93.58013486862183,
    "best_cv_score": -7.758086643835469,
    "n_iter": 50
  },
  "metrics": {
    "train_mae": 1.8899730571356868,
    "train_rmse": 3.752444110950992,
    "train_mse": 14.08083680581078,
    "train_r2": 0.8851825285644608,
    "train_mean_error": 1.648017414731913e-08,
    "train_median_abs_error": 1.036130561243505,
    "train_max_error": 41.03103427823453,
    "train_mape": 75956048829.38148,
    "test_mae": 6.871552142994121,
    "test_rmse": 15.61739264596743,
    "test_mse": 243.90295305831754,
    "test_r2": 0.004486959911557453,
    "test_mean_error": 1.2828201826357553,
    "test_median_abs_error": 4.021916290821785,
    "test_max_error": 113.41136617382402,
    "test_mape": 241596001172.96057,
    "test_baseline_mae": 7.779687117679656,
    "test_baseline_rmse": 15.843603227545067,
    "test_mae_improvement": 11.673155500325477,
    "test_rmse_improvement": 1.4277723212883593,
    "train_time_seconds": 0.10573124885559082
  },
  "additional_info": {}
}