{
  "run_id": "lightgbm_target_next_intensity_20251124_214400",
  "timestamp": "20251124_214400",
  "model_name": "lightgbm",
  "target_type": "target_next_intensity",
  "config": {
    "high_intensity_threshold": 7,
    "n_lags": 3,
    "window_days": [
      3,
      7,
      14
    ],
    "k_days_list": [
      1,
      3,
      7
    ],
    "feature_set": "time_window_only",
    "subsample": 0.8,
    "num_leaves": 63,
    "n_estimators": 100,
    "min_child_samples": 20,
    "max_depth": 10,
    "learning_rate": 0.05,
    "colsample_bytree": 0.6,
    "model_name": "lightgbm",
    "target_col": "target_next_intensity",
    "task_type": "regression",
    "n_train_samples": 1236,
    "n_test_samples": 209,
    "n_features": 45,
    "search_type": "random",
    "search_time_seconds": 80.88983345031738,
    "best_cv_score": -1.2140259800570836,
    "n_iter": 50
  },
  "metrics": {
    "train_mae": 0.47753677928696114,
    "train_rmse": 0.760854600750634,
    "train_mse": 0.5788997234834068,
    "train_r2": 0.8390800981538237,
    "train_mean_error": 9.038457756420375e-11,
    "train_median_abs_error": 0.23429306472662503,
    "train_max_error": 4.369878060260977,
    "train_mape": 13.424205059831682,
    "test_mae": 2.0525779741312795,
    "test_rmse": 2.5785206261319327,
    "test_mse": 6.6487686193878135,
    "test_r2": 0.0391364148581026,
    "test_mean_error": -1.1577749969516333,
    "test_median_abs_error": 1.7894146495129037,
    "test_max_error": 6.086034465011726,
    "test_mape": 40.60465108717547,
    "test_baseline_mae": 2.68385825552407,
    "test_baseline_rmse": 3.2239728261211047,
    "test_mae_improvement": 23.521371894117493,
    "test_rmse_improvement": 20.020398272579186,
    "train_time_seconds": 0.5834660530090332
  },
  "additional_info": {}
}