{
  "run_id": "random_forest_target_time_to_high_days_20251124_214216",
  "timestamp": "20251124_214216",
  "model_name": "random_forest",
  "target_type": "target_time_to_high_days",
  "config": {
    "high_intensity_threshold": 7,
    "n_lags": 3,
    "window_days": [
      3,
      7,
      14
    ],
    "k_days_list": [
      1,
      3,
      7
    ],
    "feature_set": "time_window_only",
    "n_estimators": 50,
    "min_samples_split": 2,
    "min_samples_leaf": 2,
    "max_features": "log2",
    "max_depth": 15,
    "model_name": "random_forest",
    "target_col": "target_time_to_high_days",
    "task_type": "regression",
    "n_train_samples": 1236,
    "n_test_samples": 209,
    "n_features": 45,
    "search_type": "random",
    "search_time_seconds": 14.533900737762451,
    "best_cv_score": -8.207834825800747,
    "n_iter": 50
  },
  "metrics": {
    "train_mae": 1.110370941837106,
    "train_rmse": 3.261380829757346,
    "train_mse": 10.636604916708713,
    "train_r2": 0.9132673648563745,
    "train_mean_error": 0.03532414922827992,
    "train_median_abs_error": 0.1541112306291883,
    "train_max_error": 45.739979460033425,
    "train_mape": 55264352580.820656,
    "test_mae": 7.645094616013963,
    "test_rmse": 16.30765755148817,
    "test_mse": 265.9396948166092,
    "test_r2": -0.08545809202963595,
    "test_mean_error": 2.13712168849736,
    "test_median_abs_error": 4.634081229634134,
    "test_max_error": 117.96273558963422,
    "test_mape": 375130850560.1638,
    "test_baseline_mae": 7.779687117679656,
    "test_baseline_rmse": 15.843603227545067,
    "test_mae_improvement": 1.7300503173170876,
    "test_rmse_improvement": -2.9289696117630357,
    "train_time_seconds": 0.04854083061218262
  },
  "additional_info": {}
}