{
  "run_id": "random_forest_target_time_to_high_days_20251124_214903",
  "timestamp": "20251124_214903",
  "model_name": "random_forest",
  "target_type": "target_time_to_high_days",
  "config": {
    "high_intensity_threshold": 7,
    "n_lags": 3,
    "window_days": [
      3,
      7,
      14
    ],
    "k_days_list": [
      1,
      3,
      7
    ],
    "feature_set": "all",
    "n_estimators": 200,
    "min_samples_split": 2,
    "min_samples_leaf": 2,
    "max_features": "sqrt",
    "max_depth": 20,
    "model_name": "random_forest",
    "target_col": "target_time_to_high_days",
    "task_type": "regression",
    "n_train_samples": 1236,
    "n_test_samples": 209,
    "n_features": 52,
    "search_type": "random",
    "search_time_seconds": 16.555687189102173,
    "best_cv_score": -8.22598663412939,
    "n_iter": 50
  },
  "metrics": {
    "train_mae": 1.0167792346616227,
    "train_rmse": 3.1616787745658166,
    "train_mse": 9.996212673540002,
    "train_r2": 0.9184892290894165,
    "train_mean_error": -0.008294820848073193,
    "train_median_abs_error": 0.1379412928054059,
    "train_max_error": 44.73367717872085,
    "train_mape": 49249418858.39212,
    "test_mae": 7.716863425068455,
    "test_rmse": 16.07545465049034,
    "test_mse": 258.4202422199715,
    "test_r2": -0.054766732944328655,
    "test_mean_error": 2.2894773482678037,
    "test_median_abs_error": 5.034355003257014,
    "test_max_error": 116.28220067372214,
    "test_mape": 382952039983.1564,
    "test_baseline_mae": 7.779687117679656,
    "test_baseline_rmse": 15.843603227545067,
    "test_mae_improvement": 0.8075349517390196,
    "test_rmse_improvement": -1.4633755946512508,
    "train_time_seconds": 0.1961359977722168
  },
  "additional_info": {}
}