{
  "run_id": "random_forest_target_next_intensity_20251124_015347",
  "timestamp": "20251124_015347",
  "model_name": "random_forest",
  "target_type": "target_next_intensity",
  "config": {
    "high_intensity_threshold": 7,
    "n_lags": 3,
    "window_days": [
      7
    ],
    "k_days_list": [
      1,
      3,
      7
    ],
    "feature_set": "all",
    "n_estimators": 100,
    "min_samples_split": 2,
    "min_samples_leaf": 4,
    "max_features": 1.0,
    "max_depth": 5,
    "model_name": "random_forest",
    "target_col": "target_next_intensity",
    "task_type": "regression",
    "n_train_samples": 1236,
    "n_test_samples": 209,
    "n_features": 34,
    "search_type": "random",
    "search_time_seconds": 13.5331711769104,
    "best_cv_score": -1.1642753154889143,
    "n_iter": 50
  },
  "metrics": {
    "train_mae": 0.772805832518864,
    "train_rmse": 1.1891451114415952,
    "train_mse": 1.4140660960654439,
    "train_r2": 0.6069243633187202,
    "train_mean_error": -0.006060862330529132,
    "train_median_abs_error": 0.44507854873102337,
    "train_max_error": 4.95296505006431,
    "train_mape": 21.688504574814903,
    "test_mae": 1.9897551831640587,
    "test_rmse": 2.445864549690618,
    "test_mse": 5.9822533954332915,
    "test_r2": 0.1354595453958538,
    "test_mean_error": -1.0332889803527365,
    "test_median_abs_error": 1.7948233428082077,
    "test_max_error": 5.651598943204534,
    "test_mape": 39.767041235216695,
    "test_baseline_mae": 2.68385825552407,
    "test_baseline_rmse": 3.2239728261211047,
    "test_mae_improvement": 25.86213601002843,
    "test_rmse_improvement": 24.135075523160065,
    "train_time_seconds": 0.17115402221679688
  },
  "additional_info": {}
}