{
  "run_id": "random_forest_target_next_intensity_20251124_214818",
  "timestamp": "20251124_214818",
  "model_name": "random_forest",
  "target_type": "target_next_intensity",
  "config": {
    "high_intensity_threshold": 7,
    "n_lags": 3,
    "window_days": [
      3,
      7,
      14
    ],
    "k_days_list": [
      1,
      3,
      7
    ],
    "feature_set": "all",
    "n_estimators": 100,
    "min_samples_split": 5,
    "min_samples_leaf": 4,
    "max_features": 0.5,
    "max_depth": 5,
    "model_name": "random_forest",
    "target_col": "target_next_intensity",
    "task_type": "regression",
    "n_train_samples": 1236,
    "n_test_samples": 209,
    "n_features": 52,
    "search_type": "random",
    "search_time_seconds": 16.626657009124756,
    "best_cv_score": -1.1314539911033759,
    "n_iter": 50
  },
  "metrics": {
    "train_mae": 0.7880842599184408,
    "train_rmse": 1.2093427573476128,
    "train_mse": 1.4625099047491268,
    "train_r2": 0.5934581745779051,
    "train_mean_error": -0.008501166660708447,
    "train_median_abs_error": 0.4706693351513045,
    "train_max_error": 4.891901649261226,
    "train_mape": 22.113007484369337,
    "test_mae": 1.955174308301327,
    "test_rmse": 2.407210811275672,
    "test_mse": 5.79466388992248,
    "test_r2": 0.16256951644741235,
    "test_mean_error": -0.9910352382373517,
    "test_median_abs_error": 1.820929878487723,
    "test_max_error": 5.697997227432782,
    "test_mape": 39.43895648334232,
    "test_baseline_mae": 2.68385825552407,
    "test_baseline_rmse": 3.2239728261211047,
    "test_mae_improvement": 27.150612209975105,
    "test_rmse_improvement": 25.33402292438404,
    "train_time_seconds": 0.2577171325683594
  },
  "additional_info": {}
}