{
  "run_id": "xgboost_target_time_to_high_days_20251124_211816",
  "timestamp": "20251124_211816",
  "model_name": "xgboost",
  "target_type": "target_time_to_high_days",
  "config": {
    "high_intensity_threshold": 7,
    "n_lags": 3,
    "window_days": [
      7
    ],
    "k_days_list": [
      1,
      3,
      7
    ],
    "feature_set": "sequence_only",
    "subsample": 1.0,
    "n_estimators": 200,
    "min_child_weight": 3,
    "max_depth": 7,
    "learning_rate": 0.01,
    "colsample_bytree": 1.0,
    "model_name": "xgboost",
    "target_col": "target_time_to_high_days",
    "task_type": "regression",
    "n_train_samples": 1236,
    "n_test_samples": 209,
    "n_features": 22,
    "search_type": "random",
    "search_time_seconds": 2.340679883956909,
    "best_cv_score": -7.144009281848027,
    "n_iter": 50
  },
  "metrics": {
    "train_mae": 1.739397888564924,
    "train_rmse": 3.020336139742243,
    "train_mse": 9.122430397033074,
    "train_r2": 0.9256141942429302,
    "train_mean_error": -0.05123697140449868,
    "train_median_abs_error": 1.1620960830186293,
    "train_max_error": 43.77545758581128,
    "train_mape": 60550566150.38867,
    "test_mae": 6.940149553121214,
    "test_rmse": 15.72355904881708,
    "test_mse": 247.23030916163748,
    "test_r2": -0.009093959664602247,
    "test_mean_error": 0.7289746600284928,
    "test_median_abs_error": 4.1616954687726055,
    "test_max_error": 119.41360724893808,
    "test_mape": 317366205743.99884,
    "test_baseline_mae": 7.779687117679656,
    "test_baseline_rmse": 15.843603227545067,
    "test_mae_improvement": 10.791405256524511,
    "test_rmse_improvement": 0.7576823087773558,
    "train_time_seconds": 0.31446123123168945
  },
  "additional_info": {}
}