{
  "run_id": "xgboost_target_next_high_intensity_20251124_211810",
  "timestamp": "20251124_211810",
  "model_name": "xgboost",
  "target_type": "target_next_high_intensity",
  "config": {
    "high_intensity_threshold": 7,
    "n_lags": 3,
    "window_days": [
      7
    ],
    "k_days_list": [
      1,
      3,
      7
    ],
    "feature_set": "sequence_only",
    "subsample": 0.6,
    "n_estimators": 100,
    "min_child_weight": 5,
    "max_depth": 10,
    "learning_rate": 0.05,
    "colsample_bytree": 1.0,
    "model_name": "xgboost",
    "target_col": "target_next_high_intensity",
    "task_type": "classification",
    "n_train_samples": 1236,
    "n_test_samples": 209,
    "n_features": 22,
    "search_type": "random",
    "search_time_seconds": 1.3598277568817139,
    "best_cv_score": 0.36107529192635573,
    "n_iter": 50
  },
  "metrics": {
    "train_accuracy": 0.9182847896440129,
    "train_precision": 0.8888888888888888,
    "train_recall": 0.5628140703517588,
    "train_f1": 0.6892307692307692,
    "train_true_positives": 112,
    "train_true_negatives": 1023,
    "train_false_positives": 14,
    "train_false_negatives": 87,
    "train_specificity": 0.9864995178399228,
    "train_baseline_accuracy": 0.8389967637540453,
    "train_accuracy_improvement": 9.450337512054002,
    "test_accuracy": 0.6267942583732058,
    "test_precision": 0.8055555555555556,
    "test_recall": 0.29,
    "test_f1": 0.4264705882352941,
    "test_true_positives": 29,
    "test_true_negatives": 102,
    "test_false_positives": 7,
    "test_false_negatives": 71,
    "test_specificity": 0.9357798165137615,
    "test_roc_auc": 0.8070642201834862,
    "test_pr_auc": 0.7703345392421613,
    "test_baseline_accuracy": 0.5215311004784688,
    "test_accuracy_improvement": 20.183486238532133,
    "train_time_seconds": 0.17833518981933594
  },
  "additional_info": {}
}