method,f1,n_features
baseline,0.6907630522088354,35
rfe,0.7016129032258065,20
l1,0.6907630522088354,35
mutual_info,0.6980392156862745,20
tree_importance,0.6882591093117408,20
