method,mae,n_features
baseline,1.981609802765026,35
rfe,1.9572021360037135,20
l1,1.9779335879525937,33
mutual_info,1.9401421075747793,20
tree_importance,1.962647225711123,20
