fold,precision,recall,f1,accuracy,roc_auc,pr_auc,n_train,n_test
1,0.5771812080536913,0.86,0.6907630522088354,0.631578947368421,0.7116513761467889,0.6608604016337754,1236,209
2,0.4413793103448276,0.9142857142857143,0.5953488372093023,0.7661290322580645,0.896310312204352,0.5860543252592231,1073,372
3,0.23943661971830985,0.8947368421052632,0.37777777777777777,0.44,0.6738141650422352,0.45354106225875257,1345,100
4,0.36036036036036034,0.8333333333333334,0.5031446540880503,0.7392739273927392,0.8654411764705883,0.4549047562254534,1142,303
5,0.18450184501845018,0.8064516129032258,0.3003003003003003,0.4945770065075922,0.7283127172770638,0.2795862635584243,984,461
